{"v": "5.7.4", "fr": 30, "ip": 0, "op": 600, "layers": [{"ddd": 0, "ind": 0, "ty": 4, "nm": "shape_0", "sr": 1, "ks": {}, "shapes": [{"ty": "rc"}]}, {"ddd": 0, "ind": 1, "ty": 4, "nm": "shape_1", "sr": 1, "ks": {}, "shapes": [{"ty": "rc"}]}, {"ddd": 0, "ind": 2, "ty": 4, "nm": "shape_2", "sr": 1, "ks": {}, "shapes": [{"ty": "rc"}]}, {"ddd": 0, "ind": 3, "ty": 4, "nm": "shape_3", "sr": 1, "ks": {}, "shapes": [{"ty": "rc"}]}, {"ddd": 0, "ind": 4, "ty": 4, "nm": "shape_4", "sr": 1, "ks": {}, "shapes": [{"ty": "rc"}]}, {"ddd": 0, "ind": 5, "ty": 4, "nm": "shape_5", "sr": 1, "ks": {}, "shapes": [{"ty": "rc"}]}, {"ddd": 0, "ind": 6, "ty": 4, "nm": "shape_6", "sr": 1, "ks": {}, "shapes": [{"ty": "rc"}]}, {"ddd": 0, "ind": 7, "ty": 4, "nm": "shape_7", "sr": 1, "ks": {}, "shapes": [{"ty": "rc"}]}, {"ddd": 0, "ind": 8, "ty": 4, "nm": "shape_8", "sr": 1, "ks": {}, "shapes": [{"ty": "rc"}]}, {"ddd": 0, "ind": 9, "ty": 4, "nm": "shape_9", "sr": 1, "ks": {}, "shapes": [{"ty": "rc"}]}, {"ddd": 0, "ind": 10, "ty": 4, "nm": "shape_10", "sr": 1, "ks": {}, "shapes": [{"ty": "rc"}]}, {"ddd": 0, "ind": 11, "ty": 4, "nm": "shape_11", "sr": 1, "ks": {}, "shapes": [{"ty": "rc"}]}, {"ddd": 0, "ind": 12, "ty": 4, "nm": "shape_12", "sr": 1, "ks": {}, "shapes": [{"ty": "rc"}]}, {"ddd": 0, "ind": 13, "ty": 4, "nm": "shape_13", "sr": 1, "ks": {}, "shapes": [{"ty": "rc"}]}, {"ddd": 0, "ind": 14, "ty": 4, "nm": "shape_14", "sr": 1, "ks": {}, "shapes": [{"ty": "rc"}]}, {"ddd": 0, "ind": 15, "ty": 4, "nm": "shape_15", "sr": 1, "ks": {}, "shapes": [{"ty": "rc"}]}, {"ddd": 0, "ind": 16, "ty": 4, "nm": "shape_16", "sr": 1, "ks": {}, "shapes": [{"ty": "rc"}]}, {"ddd": 0, "ind": 17, "ty": 4, "nm": "shape_17", "sr": 1, "ks": {}, "shapes": [{"ty": "rc"}]}, {"ddd": 0, "ind": 18, "ty": 4, "nm": "shape_18", "sr": 1, "ks": {}, "shapes": [{"ty": "rc"}]}, {"ddd": 0, "ind": 19, "ty": 4, "nm": "shape_19", "sr": 1, "ks": {}, "shapes": [{"ty": "rc"}]}, {"ddd": 0, "ind": 20, "ty": 4, "nm": "shape_20", "sr": 1, "ks": {}, "shapes": [{"ty": "rc"}]}, {"ddd": 0, "ind": 21, "ty": 4, "nm": "shape_21", "sr": 1, "ks": {}, "shapes": [{"ty": "rc"}]}, {"ddd": 0, "ind": 22, "ty": 4, "nm": "shape_22", "sr": 1, "ks": {}, "shapes": [{"ty": "rc"}]}, {"ddd": 0, "ind": 23, "ty": 4, "nm": "shape_23", "sr": 1, "ks": {}, "shapes": [{"ty": "rc"}]}, {"ddd": 0, "ind": 24, "ty": 4, "nm": "shape_24", "sr": 1, "ks": {}, "shapes": [{"ty": "rc"}]}, {"ddd": 0, "ind": 25, "ty": 4, "nm": "shape_25", "sr": 1, "ks": {}, "shapes": [{"ty": "rc"}]}, {"ddd": 0, "ind": 26, "ty": 4, "nm": "shape_26", "sr": 1, "ks": {}, "shapes": [{"ty": "rc"}]}, {"ddd": 0, "ind": 27, "ty": 4, "nm": "shape_27", "sr": 1, "ks": {}, "shapes": [{"ty": "rc"}]}, {"ddd": 0, "ind": 28, "ty": 4, "nm": "shape_28", "sr": 1, "ks": {}, "shapes": [{"ty": "rc"}]}, {"ddd": 0, "ind": 29, "ty": 4, "nm": "shape_29", "sr": 1, "ks": {}, "shapes": [{"ty": "rc"}]}, {"ddd": 0, "ind": 30, "ty": 4, "nm": "shape_30", "sr": 1, "ks": {}, "shapes": [{"ty": "rc"}]}, {"ddd": 0, "ind": 31, "ty": 4, "nm": "shape_31", "sr": 1, "ks": {}, "shapes": [{"ty": "rc"}]}, {"ddd": 0, "ind": 32, "ty": 4, "nm": "shape_32", "sr": 1, "ks": {}, "shapes": [{"ty": "rc"}]}, {"ddd": 0, "ind": 33, "ty": 4, "nm": "shape_33", "sr": 1, "ks": {}, "shapes": [{"ty": "rc"}]}, {"ddd": 0, "ind": 34, "ty": 4, "nm": "shape_34", "sr": 1, "ks": {}, "shapes": [{"ty": "rc"}]}, {"ddd": 0, "ind": 35, "ty": 4, "nm": "shape_35", "sr": 1, "ks": {}, "shapes": [{"ty": "rc"}]}, {"ddd": 0, "ind": 36, "ty": 4, "nm": "shape_36", "sr": 1, "ks": {}, "shapes": [{"ty": "rc"}]}, {"ddd": 0, "ind": 37, "ty": 4, "nm": "shape_37", "sr": 1, "ks": {}, "shapes": [{"ty": "rc"}]}, {"ddd": 0, "ind": 38, "ty": 4, "nm": "shape_38", "sr": 1, "ks": {}, "shapes": [{"ty": "rc"}]}, {"ddd": 0, "ind": 39, "ty": 4, "nm": "shape_39", "sr": 1, "ks": {}, "shapes": [{"ty": "rc"}]}, {"ddd": 0, "ind": 40, "ty": 4, "nm": "shape_40", "sr": 1, "ks": {}, "shapes": [{"ty": "rc"}]}, {"ddd": 0, "ind": 41, "ty": 4, "nm": "shape_41", "sr": 1, "ks": {}, "shapes": [{"ty": "rc"}]}, {"ddd": 0, "ind": 42, "ty": 4, "nm": "shape_42", "sr": 1, "ks": {}, "shapes": [{"ty": "rc"}]}, {"ddd": 0, "ind": 43, "ty": 4, "nm": "shape_43", "sr": 1, "ks": {}, "shapes": [{"ty": "rc"}]}, {"ddd": 0, "ind": 44, "ty": 4, "nm": "shape_44", "sr": 1, "ks": {}, "shapes": [{"ty": "rc"}]}, {"ddd": 0, "ind": 45, "ty": 4, "nm": "shape_45", "sr": 1, "ks": {}, "shapes": [{"ty": "rc"}]}, {"ddd": 0, "ind": 46, "ty": 4, "nm": "shape_46", "sr": 1, "ks": {}, "shapes": [{"ty": "rc"}]}, {"ddd": 0, "ind": 47, "ty": 4, "nm": "shape_47", "sr": 1, "ks": {}, "shapes": [{"ty": "rc"}]}, {"ddd": 0, "ind": 48, "ty": 4, "nm": "shape_48", "sr": 1, "ks": {}, "shapes": [{"ty": "rc"}]}, {"ddd": 0, "ind": 49, "ty": 4, "nm": "shape_49", "sr": 1, "ks": {}, "shapes": [{"ty": "rc"}]}, {"ddd": 0, "ind": 50, "ty": 4, "nm": "shape_50", "sr": 1, "ks": {}, "shapes": [{"ty": "rc"}]}, {"ddd": 0, "ind": 51, "ty": 4, "nm": "shape_51", "sr": 1, "ks": {}, "shapes": [{"ty": "rc"}]}, {"ddd": 0, "ind": 52, "ty": 4, "nm": "shape_52", "sr": 1, "ks": {}, "shapes": [{"ty": "rc"}]}, {"ddd": 0, "ind": 53, "ty": 4, "nm": "shape_53", "sr": 1, "ks": {}, "shapes": [{"ty": "rc"}]}, {"ddd": 0, "ind": 54, "ty": 4, "nm": "shape_54", "sr": 1, "ks": {}, "shapes": [{"ty": "rc"}]}, {"ddd": 0, "ind": 55, "ty": 4, "nm": "shape_55", "sr": 1, "ks": {}, "shapes": [{"ty": "rc"}]}, {"ddd": 0, "ind": 56, "ty": 4, "nm": "shape_56", "sr": 1, "ks": {}, "shapes": [{"ty": "rc"}]}, {"ddd": 0, "ind": 57, "ty": 4, "nm": "shape_57", "sr": 1, "ks": {}, "shapes": [{"ty": "rc"}]}, {"ddd": 0, "ind": 58, "ty": 4, "nm": "shape_58", "sr": 1, "ks": {}, "shapes": [{"ty": "rc"}]}, {"ddd": 0, "ind": 59, "ty": 4, "nm": "shape_59", "sr": 1, "ks": {}, "shapes": [{"ty": "rc"}]}, {"ddd": 0, "ind": 60, "ty": 4, "nm": "shape_60", "sr": 1, "ks": {}, "shapes": [{"ty": "rc"}]}, {"ddd": 0, "ind": 61, "ty": 4, "nm": "shape_61", "sr": 1, "ks": {}, "shapes": [{"ty": "rc"}]}, {"ddd": 0, "ind": 62, "ty": 4, "nm": "shape_62", "sr": 1, "ks": {}, "shapes": [{"ty": "rc"}]}, {"ddd": 0, "ind": 63, "ty": 4, "nm": "shape_63", "sr": 1, "ks": {}, "shapes": [{"ty": "rc"}]}, {"ddd": 0, "ind": 64, "ty": 4, "nm": "shape_64", "sr": 1, "ks": {}, "shapes": [{"ty": "rc"}]}, {"ddd": 0, "ind": 65, "ty": 4, "nm": "shape_65", "sr": 1, "ks": {}, "shapes": [{"ty": "rc"}]}, {"ddd": 0, "ind": 66, "ty": 4, "nm": "shape_66", "sr": 1, "ks": {}, "shapes": [{"ty": "rc"}]}, {"ddd": 0, "ind": 67, "ty": 4, "nm": "shape_67", "sr": 1, "ks": {}, "shapes": [{"ty": "rc"}]}, {"ddd": 0, "ind": 68, "ty": 4, "nm": "shape_68", "sr": 1, "ks": {}, "shapes": [{"ty": "rc"}]}, {"ddd": 0, "ind": 69, "ty": 4, "nm": "shape_69", "sr": 1, "ks": {}, "shapes": [{"ty": "rc"}]}, {"ddd": 0, "ind": 70, "ty": 4, "nm": "shape_70", "sr": 1, "ks": {}, "shapes": [{"ty": "rc"}]}, {"ddd": 0, "ind": 71, "ty": 4, "nm": "shape_71", "sr": 1, "ks": {}, "shapes": [{"ty": "rc"}]}, {"ddd": 0, "ind": 72, "ty": 4, "nm": "shape_72", "sr": 1, "ks": {}, "shapes": [{"ty": "rc"}]}, {"ddd": 0, "ind": 73, "ty": 4, "nm": "shape_73", "sr": 1, "ks": {}, "shapes": [{"ty": "rc"}]}, {"ddd": 0, "ind": 74, "ty": 4, "nm": "shape_74", "sr": 1, "ks": {}, "shapes": [{"ty": "rc"}]}, {"ddd": 0, "ind": 75, "ty": 4, "nm": "shape_75", "sr": 1, "ks": {}, "shapes": [{"ty": "rc"}]}, {"ddd": 0, "ind": 76, "ty": 4, "nm": "shape_76", "sr": 1, "ks": {}, "shapes": [{"ty": "rc"}]}, {"ddd": 0, "ind": 77, "ty": 4, "nm": "shape_77", "sr": 1, "ks": {}, "shapes": [{"ty": "rc"}]}, {"ddd": 0, "ind": 78, "ty": 4, "nm": "shape_78", "sr": 1, "ks": {}, "shapes": [{"ty": "rc"}]}, {"ddd": 0, "ind": 79, "ty": 4, "nm": "shape_79", "sr": 1, "ks": {}, "shapes": [{"ty": "rc"}]}, {"ddd": 0, "ind": 80, "ty": 4, "nm": "shape_80", "sr": 1, "ks": {}, "shapes": [{"ty": "rc"}]}, {"ddd": 0, "ind": 81, "ty": 4, "nm": "shape_81", "sr": 1, "ks": {}, "shapes": [{"ty": "rc"}]}, {"ddd": 0, "ind": 82, "ty": 4, "nm": "shape_82", "sr": 1, "ks": {}, "shapes": [{"ty": "rc"}]}, {"ddd": 0, "ind": 83, "ty": 4, "nm": "shape_83", "sr": 1, "ks": {}, "shapes": [{"ty": "rc"}]}, {"ddd": 0, "ind": 84, "ty": 4, "nm": "shape_84", "sr": 1, "ks": {}, "shapes": [{"ty": "rc"}]}, {"ddd": 0, "ind": 85, "ty": 4, "nm": "shape_85", "sr": 1, "ks": {}, "shapes": [{"ty": "rc"}]}, {"ddd": 0, "ind": 86, "ty": 4, "nm": "shape_86", "sr": 1, "ks": {}, "shapes": [{"ty": "rc"}]}, {"ddd": 0, "ind": 87, "ty": 4, "nm": "shape_87", "sr": 1, "ks": {}, "shapes": [{"ty": "rc"}]}, {"ddd": 0, "ind": 88, "ty": 4, "nm": "shape_88", "sr": 1, "ks": {}, "shapes": [{"ty": "rc"}]}, {"ddd": 0, "ind": 89, "ty": 4, "nm": "shape_89", "sr": 1, "ks": {}, "shapes": [{"ty": "rc"}]}, {"ddd": 0, "ind": 90, "ty": 4, "nm": "shape_90", "sr": 1, "ks": {}, "shapes": [{"ty": "rc"}]}, {"ddd": 0, "ind": 91, "ty": 4, "nm": "shape_91", "sr": 1, "ks": {}, "shapes": [{"ty": "rc"}]}, {"ddd": 0, "ind": 92, "ty": 4, "nm": "shape_92", "sr": 1, "ks": {}, "shapes": [{"ty": "rc"}]}, {"ddd": 0, "ind": 93, "ty": 4, "nm": "shape_93", "sr": 1, "ks": {}, "shapes": [{"ty": "rc"}]}, {"ddd": 0, "ind": 94, "ty": 4, "nm": "shape_94", "sr": 1, "ks": {}, "shapes": [{"ty": "rc"}]}, {"ddd": 0, "ind": 95, "ty": 4, "nm": "shape_95", "sr": 1, "ks": {}, "shapes": [{"ty": "rc"}]}, {"ddd": 0, "ind": 96, "ty": 4, "nm": "shape_96", "sr": 1, "ks": {}, "shapes": [{"ty": "rc"}]}, {"ddd": 0, "ind": 97, "ty": 4, "nm": "shape_97", "sr": 1, "ks": {}, "shapes": [{"ty": "rc"}]}, {"ddd": 0, "ind": 98, "ty": 4, "nm": "shape_98", "sr": 1, "ks": {}, "shapes": [{"ty": "rc"}]}, {"ddd": 0, "ind": 99, "ty": 4, "nm": "shape_99", "sr": 1, "ks": {}, "shapes": [{"ty": "rc"}]}, {"ddd": 0, "ind": 100, "ty": 4, "nm": "shape_100", "sr": 1, "ks": {}, "shapes": [{"ty": "rc"}]}, {"ddd": 0, "ind": 101, "ty": 4, "nm": "shape_101", "sr": 1, "ks": {}, "shapes": [{"ty": "rc"}]}, {"ddd": 0, "ind": 102, "ty": 4, "nm": "shape_102", "sr": 1, "ks": {}, "shapes": [{"ty": "rc"}]}, {"ddd": 0, "ind": 103, "ty": 4, "nm": "shape_103", "sr": 1, "ks": {}, "shapes": [{"ty": "rc"}]}, {"ddd": 0, "ind": 104, "ty": 4, "nm": "shape_104", "sr": 1, "ks": {}, "shapes": [{"ty": "rc"}]}, {"ddd": 0, "ind": 105, "ty": 4, "nm": "shape_105", "sr": 1, "ks": {}, "shapes": [{"ty": "rc"}]}, {"ddd": 0, "ind": 106, "ty": 4, "nm": "shape_106", "sr": 1, "ks": {}, "shapes": [{"ty": "rc"}]}, {"ddd": 0, "ind": 107, "ty": 4, "nm": "shape_107", "sr": 1, "ks": {}, "shapes": [{"ty": "rc"}]}, {"ddd": 0, "ind": 108, "ty": 4, "nm": "shape_108", "sr": 1, "ks": {}, "shapes": [{"ty": "rc"}]}, {"ddd": 0, "ind": 109, "ty": 4, "nm": "shape_109", "sr": 1, "ks": {}, "shapes": [{"ty": "rc"}]}, {"ddd": 0, "ind": 110, "ty": 4, "nm": "shape_110", "sr": 1, "ks": {}, "shapes": [{"ty": "rc"}]}, {"ddd": 0, "ind": 111, "ty": 4, "nm": "shape_111", "sr": 1, "ks": {}, "shapes": [{"ty": "rc"}]}, {"ddd": 0, "ind": 112, "ty": 4, "nm": "shape_112", "sr": 1, "ks": {}, "shapes": [{"ty": "rc"}]}, {"ddd": 0, "ind": 113, "ty": 4, "nm": "shape_113", "sr": 1, "ks": {}, "shapes": [{"ty": "rc"}]}, {"ddd": 0, "ind": 114, "ty": 4, "nm": "shape_114", "sr": 1, "ks": {}, "shapes": [{"ty": "rc"}]}, {"ddd": 0, "ind": 115, "ty": 4, "nm": "shape_115", "sr": 1, "ks": {}, "shapes": [{"ty": "rc"}]}, {"ddd": 0, "ind": 116, "ty": 4, "nm": "shape_116", "sr": 1, "ks": {}, "shapes": [{"ty": "rc"}]}, {"ddd": 0, "ind": 117, "ty": 4, "nm": "shape_117", "sr": 1, "ks": {}, "shapes": [{"ty": "rc"}]}, {"ddd": 0, "ind": 118, "ty": 4, "nm": "shape_118", "sr": 1, "ks": {}, "shapes": [{"ty": "rc"}]}, {"ddd": 0, "ind": 119, "ty": 4, "nm": "shape_119", "sr": 1, "ks": {}, "shapes": [{"ty": "rc"}]}, {"ddd": 0, "ind": 120, "ty": 4, "nm": "shape_120", "sr": 1, "ks": {}, "shapes": [{"ty": "rc"}]}, {"ddd": 0, "ind": 121, "ty": 4, "nm": "shape_121", "sr": 1, "ks": {}, "shapes": [{"ty": "rc"}]}, {"ddd": 0, "ind": 122, "ty": 4, "nm": "shape_122", "sr": 1, "ks": {}, "shapes": [{"ty": "rc"}]}, {"ddd": 0, "ind": 123, "ty": 4, "nm": "shape_123", "sr": 1, "ks": {}, "shapes": [{"ty": "rc"}]}, {"ddd": 0, "ind": 124, "ty": 4, "nm": "shape_124", "sr": 1, "ks": {}, "shapes": [{"ty": "rc"}]}, {"ddd": 0, "ind": 125, "ty": 4, "nm": "shape_125", "sr": 1, "ks": {}, "shapes": [{"ty": "rc"}]}, {"ddd": 0, "ind": 126, "ty": 4, "nm": "shape_126", "sr": 1, "ks": {}, "shapes": [{"ty": "rc"}]}, {"ddd": 0, "ind": 127, "ty": 4, "nm": "shape_127", "sr": 1, "ks": {}, "shapes": [{"ty": "rc"}]}, {"ddd": 0, "ind": 128, "ty": 4, "nm": "shape_128", "sr": 1, "ks": {}, "shapes": [{"ty": "rc"}]}, {"ddd": 0, "ind": 129, "ty": 4, "nm": "shape_129", "sr": 1, "ks": {}, "shapes": [{"ty": "rc"}]}, {"ddd": 0, "ind": 130, "ty": 4, "nm": "shape_130", "sr": 1, "ks": {}, "shapes": [{"ty": "rc"}]}, {"ddd": 0, "ind": 131, "ty": 4, "nm": "shape_131", "sr": 1, "ks": {}, "shapes": [{"ty": "rc"}]}, {"ddd": 0, "ind": 132, "ty": 4, "nm": "shape_132", "sr": 1, "ks": {}, "shapes": [{"ty": "rc"}]}, {"ddd": 0, "ind": 133, "ty": 4, "nm": "shape_133", "sr": 1, "ks": {}, "shapes": [{"ty": "rc"}]}, {"ddd": 0, "ind": 134, "ty": 4, "nm": "shape_134", "sr": 1, "ks": {}, "shapes": [{"ty": "rc"}]}, {"ddd": 0, "ind": 135, "ty": 4, "nm": "shape_135", "sr": 1, "ks": {}, "shapes": [{"ty": "rc"}]}, {"ddd": 0, "ind": 136, "ty": 4, "nm": "shape_136", "sr": 1, "ks": {}, "shapes": [{"ty": "rc"}]}, {"ddd": 0, "ind": 137, "ty": 4, "nm": "shape_137", "sr": 1, "ks": {}, "shapes": [{"ty": "rc"}]}, {"ddd": 0, "ind": 138, "ty": 4, "nm": "shape_138", "sr": 1, "ks": {}, "shapes": [{"ty": "rc"}]}, {"ddd": 0, "ind": 139, "ty": 4, "nm": "shape_139", "sr": 1, "ks": {}, "shapes": [{"ty": "rc"}]}, {"ddd": 0, "ind": 140, "ty": 4, "nm": "shape_140", "sr": 1, "ks": {}, "shapes": [{"ty": "rc"}]}, {"ddd": 0, "ind": 141, "ty": 4, "nm": "shape_141", "sr": 1, "ks": {}, "shapes": [{"ty": "rc"}]}, {"ddd": 0, "ind": 142, "ty": 4, "nm": "shape_142", "sr": 1, "ks": {}, "shapes": [{"ty": "rc"}]}, {"ddd": 0, "ind": 143, "ty": 4, "nm": "shape_143", "sr": 1, "ks": {}, "shapes": [{"ty": "rc"}]}, {"ddd": 0, "ind": 144, "ty": 4, "nm": "shape_144", "sr": 1, "ks": {}, "shapes": [{"ty": "rc"}]}, {"ddd": 0, "ind": 145, "ty": 4, "nm": "shape_145", "sr": 1, "ks": {}, "shapes": [{"ty": "rc"}]}, {"ddd": 0, "ind": 146, "ty": 4, "nm": "shape_146", "sr": 1, "ks": {}, "shapes": [{"ty": "rc"}]}, {"ddd": 0, "ind": 147, "ty": 4, "nm": "shape_147", "sr": 1, "ks": {}, "shapes": [{"ty": "rc"}]}, {"ddd": 0, "ind": 148, "ty": 4, "nm": "shape_148", "sr": 1, "ks": {}, "shapes": [{"ty": "rc"}]}, {"ddd": 0, "ind": 149, "ty": 4, "nm": "shape_149", "sr": 1, "ks": {}, "shapes": [{"ty": "rc"}]}, {"ddd": 0, "ind": 150, "ty": 4, "nm": "shape_150", "sr": 1, "ks": {}, "shapes": [{"ty": "rc"}]}, {"ddd": 0, "ind": 151, "ty": 4, "nm": "shape_151", "sr": 1, "ks": {}, "shapes": [{"ty": "rc"}]}, {"ddd": 0, "ind": 152, "ty": 4, "nm": "shape_152", "sr": 1, "ks": {}, "shapes": [{"ty": "rc"}]}, {"ddd": 0, "ind": 153, "ty": 4, "nm": "shape_153", "sr": 1, "ks": {}, "shapes": [{"ty": "rc"}]}, {"ddd": 0, "ind": 154, "ty": 4, "nm": "shape_154", "sr": 1, "ks": {}, "shapes": [{"ty": "rc"}]}, {"ddd": 0, "ind": 155, "ty": 4, "nm": "shape_155", "sr": 1, "ks": {}, "shapes": [{"ty": "rc"}]}, {"ddd": 0, "ind": 156, "ty": 4, "nm": "shape_156", "sr": 1, "ks": {}, "shapes": [{"ty": "rc"}]}, {"ddd": 0, "ind": 157, "ty": 4, "nm": "shape_157", "sr": 1, "ks": {}, "shapes": [{"ty": "rc"}]}, {"ddd": 0, "ind": 158, "ty": 4, "nm": "shape_158", "sr": 1, "ks": {}, "shapes": [{"ty": "rc"}]}, {"ddd": 0, "ind": 159, "ty": 4, "nm": "shape_159", "sr": 1, "ks": {}, "shapes": [{"ty": "rc"}]}, {"ddd": 0, "ind": 160, "ty": 4, "nm": "shape_160", "sr": 1, "ks": {}, "shapes": [{"ty": "rc"}]}, {"ddd": 0, "ind": 161, "ty": 4, "nm": "shape_161", "sr": 1, "ks": {}, "shapes": [{"ty": "rc"}]}, {"ddd": 0, "ind": 162, "ty": 4, "nm": "shape_162", "sr": 1, "ks": {}, "shapes": [{"ty": "rc"}]}, {"ddd": 0, "ind": 163, "ty": 4, "nm": "shape_163", "sr": 1, "ks": {}, "shapes": [{"ty": "rc"}]}, {"ddd": 0, "ind": 164, "ty": 4, "nm": "shape_164", "sr": 1, "ks": {}, "shapes": [{"ty": "rc"}]}, {"ddd": 0, "ind": 165, "ty": 4, "nm": "shape_165", "sr": 1, "ks": {}, "shapes": [{"ty": "rc"}]}, {"ddd": 0, "ind": 166, "ty": 4, "nm": "shape_166", "sr": 1, "ks": {}, "shapes": [{"ty": "rc"}]}, {"ddd": 0, "ind": 167, "ty": 4, "nm": "shape_167", "sr": 1, "ks": {}, "shapes": [{"ty": "rc"}]}, {"ddd": 0, "ind": 168, "ty": 4, "nm": "shape_168", "sr": 1, "ks": {}, "shapes": [{"ty": "rc"}]}, {"ddd": 0, "ind": 169, "ty": 4, "nm": "shape_169", "sr": 1, "ks": {}, "shapes": [{"ty": "rc"}]}, {"ddd": 0, "ind": 170, "ty": 4, "nm": "shape_170", "sr": 1, "ks": {}, "shapes": [{"ty": "rc"}]}, {"ddd": 0, "ind": 171, "ty": 4, "nm": "shape_171", "sr": 1, "ks": {}, "shapes": [{"ty": "rc"}]}, {"ddd": 0, "ind": 172, "ty": 4, "nm": "shape_172", "sr": 1, "ks": {}, "shapes": [{"ty": "rc"}]}, {"ddd": 0, "ind": 173, "ty": 4, "nm": "shape_173", "sr": 1, "ks": {}, "shapes": [{"ty": "rc"}]}, {"ddd": 0, "ind": 174, "ty": 4, "nm": "shape_174", "sr": 1, "ks": {}, "shapes": [{"ty": "rc"}]}, {"ddd": 0, "ind": 175, "ty": 4, "nm": "shape_175", "sr": 1, "ks": {}, "shapes": [{"ty": "rc"}]}, {"ddd": 0, "ind": 176, "ty": 4, "nm": "shape_176", "sr": 1, "ks": {}, "shapes": [{"ty": "rc"}]}, {"ddd": 0, "ind": 177, "ty": 4, "nm": "shape_177", "sr": 1, "ks": {}, "shapes": [{"ty": "rc"}]}, {"ddd": 0, "ind": 178, "ty": 4, "nm": "shape_178", "sr": 1, "ks": {}, "shapes": [{"ty": "rc"}]}, {"ddd": 0, "ind": 179, "ty": 4, "nm": "shape_179", "sr": 1, "ks": {}, "shapes": [{"ty": "rc"}]}, {"ddd": 0, "ind": 180, "ty": 4, "nm": "shape_180", "sr": 1, "ks": {}, "shapes": [{"ty": "rc"}]}, {"ddd": 0, "ind": 181, "ty": 4, "nm": "shape_181", "sr": 1, "ks": {}, "shapes": [{"ty": "rc"}]}, {"ddd": 0, "ind": 182, "ty": 4, "nm": "shape_182", "sr": 1, "ks": {}, "shapes": [{"ty": "rc"}]}, {"ddd": 0, "ind": 183, "ty": 4, "nm": "shape_183", "sr": 1, "ks": {}, "shapes": [{"ty": "rc"}]}, {"ddd": 0, "ind": 184, "ty": 4, "nm": "shape_184", "sr": 1, "ks": {}, "shapes": [{"ty": "rc"}]}, {"ddd": 0, "ind": 185, "ty": 4, "nm": "shape_185", "sr": 1, "ks": {}, "shapes": [{"ty": "rc"}]}, {"ddd": 0, "ind": 186, "ty": 4, "nm": "shape_186", "sr": 1, "ks": {}, "shapes": [{"ty": "rc"}]}, {"ddd": 0, "ind": 187, "ty": 4, "nm": "shape_187", "sr": 1, "ks": {}, "shapes": [{"ty": "rc"}]}, {"ddd": 0, "ind": 188, "ty": 4, "nm": "shape_188", "sr": 1, "ks": {}, "shapes": [{"ty": "rc"}]}, {"ddd": 0, "ind": 189, "ty": 4, "nm": "shape_189", "sr": 1, "ks": {}, "shapes": [{"ty": "rc"}]}, {"ddd": 0, "ind": 190, "ty": 4, "nm": "shape_190", "sr": 1, "ks": {}, "shapes": [{"ty": "rc"}]}, {"ddd": 0, "ind": 191, "ty": 4, "nm": "shape_191", "sr": 1, "ks": {}, "shapes": [{"ty": "rc"}]}, {"ddd": 0, "ind": 192, "ty": 4, "nm": "shape_192", "sr": 1, "ks": {}, "shapes": [{"ty": "rc"}]}, {"ddd": 0, "ind": 193, "ty": 4, "nm": "shape_193", "sr": 1, "ks": {}, "shapes": [{"ty": "rc"}]}, {"ddd": 0, "ind": 194, "ty": 4, "nm": "shape_194", "sr": 1, "ks": {}, "shapes": [{"ty": "rc"}]}, {"ddd": 0, "ind": 195, "ty": 4, "nm": "shape_195", "sr": 1, "ks": {}, "shapes": [{"ty": "rc"}]}, {"ddd": 0, "ind": 196, "ty": 4, "nm": "shape_196", "sr": 1, "ks": {}, "shapes": [{"ty": "rc"}]}, {"ddd": 0, "ind": 197, "ty": 4, "nm": "shape_197", "sr": 1, "ks": {}, "shapes": [{"ty": "rc"}]}, {"ddd": 0, "ind": 198, "ty": 4, "nm": "shape_198", "sr": 1, "ks": {}, "shapes": [{"ty": "rc"}]}, {"ddd": 0, "ind": 199, "ty": 4, "nm": "shape_199", "sr": 1, "ks": {}, "shapes": [{"ty": "rc"}]}, {"ddd": 0, "ind": 200, "ty": 4, "nm": "shape_200", "sr": 1, "ks": {}, "shapes": [{"ty": "rc"}]}, {"ddd": 0, "ind": 201, "ty": 4, "nm": "shape_201", "sr": 1, "ks": {}, "shapes": [{"ty": "rc"}]}, {"ddd": 0, "ind": 202, "ty": 4, "nm": "shape_202", "sr": 1, "ks": {}, "shapes": [{"ty": "rc"}]}, {"ddd": 0, "ind": 203, "ty": 4, "nm": "shape_203", "sr": 1, "ks": {}, "shapes": [{"ty": "rc"}]}, {"ddd": 0, "ind": 204, "ty": 4, "nm": "shape_204", "sr": 1, "ks": {}, "shapes": [{"ty": "rc"}]}, {"ddd": 0, "ind": 205, "ty": 4, "nm": "shape_205", "sr": 1, "ks": {}, "shapes": [{"ty": "rc"}]}, {"ddd": 0, "ind": 206, "ty": 4, "nm": "shape_206", "sr": 1, "ks": {}, "shapes": [{"ty": "rc"}]}, {"ddd": 0, "ind": 207, "ty": 4, "nm": "shape_207", "sr": 1, "ks": {}, "shapes": [{"ty": "rc"}]}, {"ddd": 0, "ind": 208, "ty": 4, "nm": "shape_208", "sr": 1, "ks": {}, "shapes": [{"ty": "rc"}]}, {"ddd": 0, "ind": 209, "ty": 4, "nm": "shape_209", "sr": 1, "ks": {}, "shapes": [{"ty": "rc"}]}, {"ddd": 0, "ind": 210, "ty": 4, "nm": "shape_210", "sr": 1, "ks": {}, "shapes": [{"ty": "rc"}]}, {"ddd": 0, "ind": 211, "ty": 4, "nm": "shape_211", "sr": 1, "ks": {}, "shapes": [{"ty": "rc"}]}, {"ddd": 0, "ind": 212, "ty": 4, "nm": "shape_212", "sr": 1, "ks": {}, "shapes": [{"ty": "rc"}]}, {"ddd": 0, "ind": 213, "ty": 4, "nm": "shape_213", "sr": 1, "ks": {}, "shapes": [{"ty": "rc"}]}, {"ddd": 0, "ind": 214, "ty": 4, "nm": "shape_214", "sr": 1, "ks": {}, "shapes": [{"ty": "rc"}]}, {"ddd": 0, "ind": 215, "ty": 4, "nm": "shape_215", "sr": 1, "ks": {}, "shapes": [{"ty": "rc"}]}, {"ddd": 0, "ind": 216, "ty": 4, "nm": "shape_216", "sr": 1, "ks": {}, "shapes": [{"ty": "rc"}]}, {"ddd": 0, "ind": 217, "ty": 4, "nm": "shape_217", "sr": 1, "ks": {}, "shapes": [{"ty": "rc"}]}, {"ddd": 0, "ind": 218, "ty": 4, "nm": "shape_218", "sr": 1, "ks": {}, "shapes": [{"ty": "rc"}]}, {"ddd": 0, "ind": 219, "ty": 4, "nm": "shape_219", "sr": 1, "ks": {}, "shapes": [{"ty": "rc"}]}, {"ddd": 0, "ind": 220, "ty": 4, "nm": "shape_220", "sr": 1, "ks": {}, "shapes": [{"ty": "rc"}]}, {"ddd": 0, "ind": 221, "ty": 4, "nm": "shape_221", "sr": 1, "ks": {}, "shapes": [{"ty": "rc"}]}, {"ddd": 0, "ind": 222, "ty": 4, "nm": "shape_222", "sr": 1, "ks": {}, "shapes": [{"ty": "rc"}]}, {"ddd": 0, "ind": 223, "ty": 4, "nm": "shape_223", "sr": 1, "ks": {}, "shapes": [{"ty": "rc"}]}, {"ddd": 0, "ind": 224, "ty": 4, "nm": "shape_224", "sr": 1, "ks": {}, "shapes": [{"ty": "rc"}]}, {"ddd": 0, "ind": 225, "ty": 4, "nm": "shape_225", "sr": 1, "ks": {}, "shapes": [{"ty": "rc"}]}, {"ddd": 0, "ind": 226, "ty": 4, "nm": "shape_226", "sr": 1, "ks": {}, "shapes": [{"ty": "rc"}]}, {"ddd": 0, "ind": 227, "ty": 4, "nm": "shape_227", "sr": 1, "ks": {}, "shapes": [{"ty": "rc"}]}, {"ddd": 0, "ind": 228, "ty": 4, "nm": "shape_228", "sr": 1, "ks": {}, "shapes": [{"ty": "rc"}]}, {"ddd": 0, "ind": 229, "ty": 4, "nm": "shape_229", "sr": 1, "ks": {}, "shapes": [{"ty": "rc"}]}, {"ddd": 0, "ind": 230, "ty": 4, "nm": "shape_230", "sr": 1, "ks": {}, "shapes": [{"ty": "rc"}]}, {"ddd": 0, "ind": 231, "ty": 4, "nm": "shape_231", "sr": 1, "ks": {}, "shapes": [{"ty": "rc"}]}, {"ddd": 0, "ind": 232, "ty": 4, "nm": "shape_232", "sr": 1, "ks": {}, "shapes": [{"ty": "rc"}]}, {"ddd": 0, "ind": 233, "ty": 4, "nm": "shape_233", "sr": 1, "ks": {}, "shapes": [{"ty": "rc"}]}, {"ddd": 0, "ind": 234, "ty": 4, "nm": "shape_234", "sr": 1, "ks": {}, "shapes": [{"ty": "rc"}]}, {"ddd": 0, "ind": 235, "ty": 4, "nm": "shape_235", "sr": 1, "ks": {}, "shapes": [{"ty": "rc"}]}, {"ddd": 0, "ind": 236, "ty": 4, "nm": "shape_236", "sr": 1, "ks": {}, "shapes": [{"ty": "rc"}]}, {"ddd": 0, "ind": 237, "ty": 4, "nm": "shape_237", "sr": 1, "ks": {}, "shapes": [{"ty": "rc"}]}, {"ddd": 0, "ind": 238, "ty": 4, "nm": "shape_238", "sr": 1, "ks": {}, "shapes": [{"ty": "rc"}]}, {"ddd": 0, "ind": 239, "ty": 4, "nm": "shape_239", "sr": 1, "ks": {}, "shapes": [{"ty": "rc"}]}, {"ddd": 0, "ind": 240, "ty": 4, "nm": "shape_240", "sr": 1, "ks": {}, "shapes": [{"ty": "rc"}]}, {"ddd": 0, "ind": 241, "ty": 4, "nm": "shape_241", "sr": 1, "ks": {}, "shapes": [{"ty": "rc"}]}, {"ddd": 0, "ind": 242, "ty": 4, "nm": "shape_242", "sr": 1, "ks": {}, "shapes": [{"ty": "rc"}]}, {"ddd": 0, "ind": 243, "ty": 4, "nm": "shape_243", "sr": 1, "ks": {}, "shapes": [{"ty": "rc"}]}, {"ddd": 0, "ind": 244, "ty": 4, "nm": "shape_244", "sr": 1, "ks": {}, "shapes": [{"ty": "rc"}]}, {"ddd": 0, "ind": 245, "ty": 4, "nm": "shape_245", "sr": 1, "ks": {}, "shapes": [{"ty": "rc"}]}, {"ddd": 0, "ind": 246, "ty": 4, "nm": "shape_246", "sr": 1, "ks": {}, "shapes": [{"ty": "rc"}]}, {"ddd": 0, "ind": 247, "ty": 4, "nm": "shape_247", "sr": 1, "ks": {}, "shapes": [{"ty": "rc"}]}, {"ddd": 0, "ind": 248, "ty": 4, "nm": "shape_248", "sr": 1, "ks": {}, "shapes": [{"ty": "rc"}]}, {"ddd": 0, "ind": 249, "ty": 4, "nm": "shape_249", "sr": 1, "ks": {}, "shapes": [{"ty": "rc"}]}, {"ddd": 0, "ind": 250, "ty": 4, "nm": "shape_250", "sr": 1, "ks": {}, "shapes": [{"ty": "rc"}]}, {"ddd": 0, "ind": 251, "ty": 4, "nm": "shape_251", "sr": 1, "ks": {}, "shapes": [{"ty": "rc"}]}, {"ddd": 0, "ind": 252, "ty": 4, "nm": "shape_252", "sr": 1, "ks": {}, "shapes": [{"ty": "rc"}]}, {"ddd": 0, "ind": 253, "ty": 4, "nm": "shape_253", "sr": 1, "ks": {}, "shapes": [{"ty": "rc"}]}, {"ddd": 0, "ind": 254, "ty": 4, "nm": "shape_254", "sr": 1, "ks": {}, "shapes": [{"ty": "rc"}]}, {"ddd": 0, "ind": 255, "ty": 4, "nm": "shape_255", "sr": 1, "ks": {}, "shapes": [{"ty": "rc"}]}, {"ddd": 0, "ind": 256, "ty": 4, "nm": "shape_256", "sr": 1, "ks": {}, "shapes": [{"ty": "rc"}]}, {"ddd": 0, "ind": 257, "ty": 4, "nm": "shape_257", "sr": 1, "ks": {}, "shapes": [{"ty": "rc"}]}, {"ddd": 0, "ind": 258, "ty": 4, "nm": "shape_258", "sr": 1, "ks": {}, "shapes": [{"ty": "rc"}]}, {"ddd": 0, "ind": 259, "ty": 4, "nm": "shape_259", "sr": 1, "ks": {}, "shapes": [{"ty": "rc"}]}, {"ddd": 0, "ind": 260, "ty": 4, "nm": "shape_260", "sr": 1, "ks": {}, "shapes": [{"ty": "rc"}]}, {"ddd": 0, "ind": 261, "ty": 4, "nm": "shape_261", "sr": 1, "ks": {}, "shapes": [{"ty": "rc"}]}, {"ddd": 0, "ind": 262, "ty": 4, "nm": "shape_262", "sr": 1, "ks": {}, "shapes": [{"ty": "rc"}]}, {"ddd": 0, "ind": 263, "ty": 4, "nm": "shape_263", "sr": 1, "ks": {}, "shapes": [{"ty": "rc"}]}, {"ddd": 0, "ind": 264, "ty": 4, "nm": "shape_264", "sr": 1, "ks": {}, "shapes": [{"ty": "rc"}]}, {"ddd": 0, "ind": 265, "ty": 4, "nm": "shape_265", "sr": 1, "ks": {}, "shapes": [{"ty": "rc"}]}, {"ddd": 0, "ind": 266, "ty": 4, "nm": "shape_266", "sr": 1, "ks": {}, "shapes": [{"ty": "rc"}]}, {"ddd": 0, "ind": 267, "ty": 4, "nm": "shape_267", "sr": 1, "ks": {}, "shapes": [{"ty": "rc"}]}, {"ddd": 0, "ind": 268, "ty": 4, "nm": "shape_268", "sr": 1, "ks": {}, "shapes": [{"ty": "rc"}]}, {"ddd": 0, "ind": 269, "ty": 4, "nm": "shape_269", "sr": 1, "ks": {}, "shapes": [{"ty": "rc"}]}, {"ddd": 0, "ind": 270, "ty": 4, "nm": "shape_270", "sr": 1, "ks": {}, "shapes": [{"ty": "rc"}]}, {"ddd": 0, "ind": 271, "ty": 4, "nm": "shape_271", "sr": 1, "ks": {}, "shapes": [{"ty": "rc"}]}, {"ddd": 0, "ind": 272, "ty": 4, "nm": "shape_272", "sr": 1, "ks": {}, "shapes": [{"ty": "rc"}]}, {"ddd": 0, "ind": 273, "ty": 4, "nm": "shape_273", "sr": 1, "ks": {}, "shapes": [{"ty": "rc"}]}, {"ddd": 0, "ind": 274, "ty": 4, "nm": "shape_274", "sr": 1, "ks": {}, "shapes": [{"ty": "rc"}]}, {"ddd": 0, "ind": 275, "ty": 4, "nm": "shape_275", "sr": 1, "ks": {}, "shapes": [{"ty": "rc"}]}, {"ddd": 0, "ind": 276, "ty": 4, "nm": "shape_276", "sr": 1, "ks": {}, "shapes": [{"ty": "rc"}]}, {"ddd": 0, "ind": 277, "ty": 4, "nm": "shape_277", "sr": 1, "ks": {}, "shapes": [{"ty": "rc"}]}, {"ddd": 0, "ind": 278, "ty": 4, "nm": "shape_278", "sr": 1, "ks": {}, "shapes": [{"ty": "rc"}]}, {"ddd": 0, "ind": 279, "ty": 4, "nm": "shape_279", "sr": 1, "ks": {}, "shapes": [{"ty": "rc"}]}, {"ddd": 0, "ind": 280, "ty": 4, "nm": "shape_280", "sr": 1, "ks": {}, "shapes": [{"ty": "rc"}]}, {"ddd": 0, "ind": 281, "ty": 4, "nm": "shape_281", "sr": 1, "ks": {}, "shapes": [{"ty": "rc"}]}, {"ddd": 0, "ind": 282, "ty": 4, "nm": "shape_282", "sr": 1, "ks": {}, "shapes": [{"ty": "rc"}]}, {"ddd": 0, "ind": 283, "ty": 4, "nm": "shape_283", "sr": 1, "ks": {}, "shapes": [{"ty": "rc"}]}, {"ddd": 0, "ind": 284, "ty": 4, "nm": "shape_284", "sr": 1, "ks": {}, "shapes": [{"ty": "rc"}]}, {"ddd": 0, "ind": 285, "ty": 4, "nm": "shape_285", "sr": 1, "ks": {}, "shapes": [{"ty": "rc"}]}, {"ddd": 0, "ind": 286, "ty": 4, "nm": "shape_286", "sr": 1, "ks": {}, "shapes": [{"ty": "rc"}]}, {"ddd": 0, "ind": 287, "ty": 4, "nm": "shape_287", "sr": 1, "ks": {}, "shapes": [{"ty": "rc"}]}, {"ddd": 0, "ind": 288, "ty": 4, "nm": "shape_288", "sr": 1, "ks": {}, "shapes": [{"ty": "rc"}]}, {"ddd": 0, "ind": 289, "ty": 4, "nm": "shape_289", "sr": 1, "ks": {}, "shapes": [{"ty": "rc"}]}, {"ddd": 0, "ind": 290, "ty": 4, "nm": "shape_290", "sr": 1, "ks": {}, "shapes": [{"ty": "rc"}]}, {"ddd": 0, "ind": 291, "ty": 4, "nm": "shape_291", "sr": 1, "ks": {}, "shapes": [{"ty": "rc"}]}, {"ddd": 0, "ind": 292, "ty": 4, "nm": "shape_292", "sr": 1, "ks": {}, "shapes": [{"ty": "rc"}]}, {"ddd": 0, "ind": 293, "ty": 4, "nm": "shape_293", "sr": 1, "ks": {}, "shapes": [{"ty": "rc"}]}, {"ddd": 0, "ind": 294, "ty": 4, "nm": "shape_294", "sr": 1, "ks": {}, "shapes": [{"ty": "rc"}]}, {"ddd": 0, "ind": 295, "ty": 4, "nm": "shape_295", "sr": 1, "ks": {}, "shapes": [{"ty": "rc"}]}, {"ddd": 0, "ind": 296, "ty": 4, "nm": "shape_296", "sr": 1, "ks": {}, "shapes": [{"ty": "rc"}]}, {"ddd": 0, "ind": 297, "ty": 4, "nm": "shape_297", "sr": 1, "ks": {}, "shapes": [{"ty": "rc"}]}, {"ddd": 0, "ind": 298, "ty": 4, "nm": "shape_298", "sr": 1, "ks": {}, "shapes": [{"ty": "rc"}]}, {"ddd": 0, "ind": 299, "ty": 4, "nm": "shape_299", "sr": 1, "ks": {}, "shapes": [{"ty": "rc"}]}, {"ddd": 0, "ind": 300, "ty": 4, "nm": "shape_300", "sr": 1, "ks": {}, "shapes": [{"ty": "rc"}]}, {"ddd": 0, "ind": 301, "ty": 4, "nm": "shape_301", "sr": 1, "ks": {}, "shapes": [{"ty": "rc"}]}, {"ddd": 0, "ind": 302, "ty": 4, "nm": "shape_302", "sr": 1, "ks": {}, "shapes": [{"ty": "rc"}]}, {"ddd": 0, "ind": 303, "ty": 4, "nm": "shape_303", "sr": 1, "ks": {}, "shapes": [{"ty": "rc"}]}, {"ddd": 0, "ind": 304, "ty": 4, "nm": "shape_304", "sr": 1, "ks": {}, "shapes": [{"ty": "rc"}]}, {"ddd": 0, "ind": 305, "ty": 4, "nm": "shape_305", "sr": 1, "ks": {}, "shapes": [{"ty": "rc"}]}, {"ddd": 0, "ind": 306, "ty": 4, "nm": "shape_306", "sr": 1, "ks": {}, "shapes": [{"ty": "rc"}]}, {"ddd": 0, "ind": 307, "ty": 4, "nm": "shape_307", "sr": 1, "ks": {}, "shapes": [{"ty": "rc"}]}, {"ddd": 0, "ind": 308, "ty": 4, "nm": "shape_308", "sr": 1, "ks": {}, "shapes": [{"ty": "rc"}]}, {"ddd": 0, "ind": 309, "ty": 4, "nm": "shape_309", "sr": 1, "ks": {}, "shapes": [{"ty": "rc"}]}, {"ddd": 0, "ind": 310, "ty": 4, "nm": "shape_310", "sr": 1, "ks": {}, "shapes": [{"ty": "rc"}]}, {"ddd": 0, "ind": 311, "ty": 4, "nm": "shape_311", "sr": 1, "ks": {}, "shapes": [{"ty": "rc"}]}, {"ddd": 0, "ind": 312, "ty": 4, "nm": "shape_312", "sr": 1, "ks": {}, "shapes": [{"ty": "rc"}]}, {"ddd": 0, "ind": 313, "ty": 4, "nm": "shape_313", "sr": 1, "ks": {}, "shapes": [{"ty": "rc"}]}, {"ddd": 0, "ind": 314, "ty": 4, "nm": "shape_314", "sr": 1, "ks": {}, "shapes": [{"ty": "rc"}]}, {"ddd": 0, "ind": 315, "ty": 4, "nm": "shape_315", "sr": 1, "ks": {}, "shapes": [{"ty": "rc"}]}, {"ddd": 0, "ind": 316, "ty": 4, "nm": "shape_316", "sr": 1, "ks": {}, "shapes": [{"ty": "rc"}]}, {"ddd": 0, "ind": 317, "ty": 4, "nm": "shape_317", "sr": 1, "ks": {}, "shapes": [{"ty": "rc"}]}, {"ddd": 0, "ind": 318, "ty": 4, "nm": "shape_318", "sr": 1, "ks": {}, "shapes": [{"ty": "rc"}]}, {"ddd": 0, "ind": 319, "ty": 4, "nm": "shape_319", "sr": 1, "ks": {}, "shapes": [{"ty": "rc"}]}, {"ddd": 0, "ind": 320, "ty": 4, "nm": "shape_320", "sr": 1, "ks": {}, "shapes": [{"ty": "rc"}]}, {"ddd": 0, "ind": 321, "ty": 4, "nm": "shape_321", "sr": 1, "ks": {}, "shapes": [{"ty": "rc"}]}, {"ddd": 0, "ind": 322, "ty": 4, "nm": "shape_322", "sr": 1, "ks": {}, "shapes": [{"ty": "rc"}]}, {"ddd": 0, "ind": 323, "ty": 4, "nm": "shape_323", "sr": 1, "ks": {}, "shapes": [{"ty": "rc"}]}, {"ddd": 0, "ind": 324, "ty": 4, "nm": "shape_324", "sr": 1, "ks": {}, "shapes": [{"ty": "rc"}]}, {"ddd": 0, "ind": 325, "ty": 4, "nm": "shape_325", "sr": 1, "ks": {}, "shapes": [{"ty": "rc"}]}, {"ddd": 0, "ind": 326, "ty": 4, "nm": "shape_326", "sr": 1, "ks": {}, "shapes": [{"ty": "rc"}]}, {"ddd": 0, "ind": 327, "ty": 4, "nm": "shape_327", "sr": 1, "ks": {}, "shapes": [{"ty": "rc"}]}, {"ddd": 0, "ind": 328, "ty": 4, "nm": "shape_328", "sr": 1, "ks": {}, "shapes": [{"ty": "rc"}]}, {"ddd": 0, "ind": 329, "ty": 4, "nm": "shape_329", "sr": 1, "ks": {}, "shapes": [{"ty": "rc"}]}, {"ddd": 0, "ind": 330, "ty": 4, "nm": "shape_330", "sr": 1, "ks": {}, "shapes": [{"ty": "rc"}]}, {"ddd": 0, "ind": 331, "ty": 4, "nm": "shape_331", "sr": 1, "ks": {}, "shapes": [{"ty": "rc"}]}, {"ddd": 0, "ind": 332, "ty": 4, "nm": "shape_332", "sr": 1, "ks": {}, "shapes": [{"ty": "rc"}]}, {"ddd": 0, "ind": 333, "ty": 4, "nm": "shape_333", "sr": 1, "ks": {}, "shapes": [{"ty": "rc"}]}, {"ddd": 0, "ind": 334, "ty": 4, "nm": "shape_334", "sr": 1, "ks": {}, "shapes": [{"ty": "rc"}]}, {"ddd": 0, "ind": 335, "ty": 4, "nm": "shape_335", "sr": 1, "ks": {}, "shapes": [{"ty": "rc"}]}, {"ddd": 0, "ind": 336, "ty": 4, "nm": "shape_336", "sr": 1, "ks": {}, "shapes": [{"ty": "rc"}]}, {"ddd": 0, "ind": 337, "ty": 4, "nm": "shape_337", "sr": 1, "ks": {}, "shapes": [{"ty": "rc"}]}, {"ddd": 0, "ind": 338, "ty": 4, "nm": "shape_338", "sr": 1, "ks": {}, "shapes": [{"ty": "rc"}]}, {"ddd": 0, "ind": 339, "ty": 4, "nm": "shape_339", "sr": 1, "ks": {}, "shapes": [{"ty": "rc"}]}, {"ddd": 0, "ind": 340, "ty": 4, "nm": "shape_340", "sr": 1, "ks": {}, "shapes": [{"ty": "rc"}]}, {"ddd": 0, "ind": 341, "ty": 4, "nm": "shape_341", "sr": 1, "ks": {}, "shapes": [{"ty": "rc"}]}, {"ddd": 0, "ind": 342, "ty": 4, "nm": "shape_342", "sr": 1, "ks": {}, "shapes": [{"ty": "rc"}]}, {"ddd": 0, "ind": 343, "ty": 4, "nm": "shape_343", "sr": 1, "ks": {}, "shapes": [{"ty": "rc"}]}, {"ddd": 0, "ind": 344, "ty": 4, "nm": "shape_344", "sr": 1, "ks": {}, "shapes": [{"ty": "rc"}]}, {"ddd": 0, "ind": 345, "ty": 4, "nm": "shape_345", "sr": 1, "ks": {}, "shapes": [{"ty": "rc"}]}, {"ddd": 0, "ind": 346, "ty": 4, "nm": "shape_346", "sr": 1, "ks": {}, "shapes": [{"ty": "rc"}]}, {"ddd": 0, "ind": 347, "ty": 4, "nm": "shape_347", "sr": 1, "ks": {}, "shapes": [{"ty": "rc"}]}, {"ddd": 0, "ind": 348, "ty": 4, "nm": "shape_348", "sr": 1, "ks": {}, "shapes": [{"ty": "rc"}]}, {"ddd": 0, "ind": 349, "ty": 4, "nm": "shape_349", "sr": 1, "ks": {}, "shapes": [{"ty": "rc"}]}, {"ddd": 0, "ind": 350, "ty": 4, "nm": "shape_350", "sr": 1, "ks": {}, "shapes": [{"ty": "rc"}]}, {"ddd": 0, "ind": 351, "ty": 4, "nm": "shape_351", "sr": 1, "ks": {}, "shapes": [{"ty": "rc"}]}, {"ddd": 0, "ind": 352, "ty": 4, "nm": "shape_352", "sr": 1, "ks": {}, "shapes": [{"ty": "rc"}]}, {"ddd": 0, "ind": 353, "ty": 4, "nm": "shape_353", "sr": 1, "ks": {}, "shapes": [{"ty": "rc"}]}, {"ddd": 0, "ind": 354, "ty": 4, "nm": "shape_354", "sr": 1, "ks": {}, "shapes": [{"ty": "rc"}]}, {"ddd": 0, "ind": 355, "ty": 4, "nm": "shape_355", "sr": 1, "ks": {}, "shapes": [{"ty": "rc"}]}, {"ddd": 0, "ind": 356, "ty": 4, "nm": "shape_356", "sr": 1, "ks": {}, "shapes": [{"ty": "rc"}]}, {"ddd": 0, "ind": 357, "ty": 4, "nm": "shape_357", "sr": 1, "ks": {}, "shapes": [{"ty": "rc"}]}, {"ddd": 0, "ind": 358, "ty": 4, "nm": "shape_358", "sr": 1, "ks": {}, "shapes": [{"ty": "rc"}]}, {"ddd": 0, "ind": 359, "ty": 4, "nm": "shape_359", "sr": 1, "ks": {}, "shapes": [{"ty": "rc"}]}, {"ddd": 0, "ind": 360, "ty": 4, "nm": "shape_360", "sr": 1, "ks": {}, "shapes": [{"ty": "rc"}]}, {"ddd": 0, "ind": 361, "ty": 4, "nm": "shape_361", "sr": 1, "ks": {}, "shapes": [{"ty": "rc"}]}, {"ddd": 0, "ind": 362, "ty": 4, "nm": "shape_362", "sr": 1, "ks": {}, "shapes": [{"ty": "rc"}]}, {"ddd": 0, "ind": 363, "ty": 4, "nm": "shape_363", "sr": 1, "ks": {}, "shapes": [{"ty": "rc"}]}, {"ddd": 0, "ind": 364, "ty": 4, "nm": "shape_364", "sr": 1, "ks": {}, "shapes": [{"ty": "rc"}]}, {"ddd": 0, "ind": 365, "ty": 4, "nm": "shape_365", "sr": 1, "ks": {}, "shapes": [{"ty": "rc"}]}, {"ddd": 0, "ind": 366, "ty": 4, "nm": "shape_366", "sr": 1, "ks": {}, "shapes": [{"ty": "rc"}]}, {"ddd": 0, "ind": 367, "ty": 4, "nm": "shape_367", "sr": 1, "ks": {}, "shapes": [{"ty": "rc"}]}, {"ddd": 0, "ind": 368, "ty": 4, "nm": "shape_368", "sr": 1, "ks": {}, "shapes": [{"ty": "rc"}]}, {"ddd": 0, "ind": 369, "ty": 4, "nm": "shape_369", "sr": 1, "ks": {}, "shapes": [{"ty": "rc"}]}, {"ddd": 0, "ind": 370, "ty": 4, "nm": "shape_370", "sr": 1, "ks": {}, "shapes": [{"ty": "rc"}]}, {"ddd": 0, "ind": 371, "ty": 4, "nm": "shape_371", "sr": 1, "ks": {}, "shapes": [{"ty": "rc"}]}, {"ddd": 0, "ind": 372, "ty": 4, "nm": "shape_372", "sr": 1, "ks": {}, "shapes": [{"ty": "rc"}]}, {"ddd": 0, "ind": 373, "ty": 4, "nm": "shape_373", "sr": 1, "ks": {}, "shapes": [{"ty": "rc"}]}, {"ddd": 0, "ind": 374, "ty": 4, "nm": "shape_374", "sr": 1, "ks": {}, "shapes": [{"ty": "rc"}]}, {"ddd": 0, "ind": 375, "ty": 4, "nm": "shape_375", "sr": 1, "ks": {}, "shapes": [{"ty": "rc"}]}, {"ddd": 0, "ind": 376, "ty": 4, "nm": "shape_376", "sr": 1, "ks": {}, "shapes": [{"ty": "rc"}]}, {"ddd": 0, "ind": 377, "ty": 4, "nm": "shape_377", "sr": 1, "ks": {}, "shapes": [{"ty": "rc"}]}, {"ddd": 0, "ind": 378, "ty": 4, "nm": "shape_378", "sr": 1, "ks": {}, "shapes": [{"ty": "rc"}]}, {"ddd": 0, "ind": 379, "ty": 4, "nm": "shape_379", "sr": 1, "ks": {}, "shapes": [{"ty": "rc"}]}, {"ddd": 0, "ind": 380, "ty": 4, "nm": "shape_380", "sr": 1, "ks": {}, "shapes": [{"ty": "rc"}]}, {"ddd": 0, "ind": 381, "ty": 4, "nm": "shape_381", "sr": 1, "ks": {}, "shapes": [{"ty": "rc"}]}, {"ddd": 0, "ind": 382, "ty": 4, "nm": "shape_382", "sr": 1, "ks": {}, "shapes": [{"ty": "rc"}]}, {"ddd": 0, "ind": 383, "ty": 4, "nm": "shape_383", "sr": 1, "ks": {}, "shapes": [{"ty": "rc"}]}, {"ddd": 0, "ind": 384, "ty": 4, "nm": "shape_384", "sr": 1, "ks": {}, "shapes": [{"ty": "rc"}]}, {"ddd": 0, "ind": 385, "ty": 4, "nm": "shape_385", "sr": 1, "ks": {}, "shapes": [{"ty": "rc"}]}, {"ddd": 0, "ind": 386, "ty": 4, "nm": "shape_386", "sr": 1, "ks": {}, "shapes": [{"ty": "rc"}]}, {"ddd": 0, "ind": 387, "ty": 4, "nm": "shape_387", "sr": 1, "ks": {}, "shapes": [{"ty": "rc"}]}, {"ddd": 0, "ind": 388, "ty": 4, "nm": "shape_388", "sr": 1, "ks": {}, "shapes": [{"ty": "rc"}]}, {"ddd": 0, "ind": 389, "ty": 4, "nm": "shape_389", "sr": 1, "ks": {}, "shapes": [{"ty": "rc"}]}, {"ddd": 0, "ind": 390, "ty": 4, "nm": "shape_390", "sr": 1, "ks": {}, "shapes": [{"ty": "rc"}]}, {"ddd": 0, "ind": 391, "ty": 4, "nm": "shape_391", "sr": 1, "ks": {}, "shapes": [{"ty": "rc"}]}, {"ddd": 0, "ind": 392, "ty": 4, "nm": "shape_392", "sr": 1, "ks": {}, "shapes": [{"ty": "rc"}]}, {"ddd": 0, "ind": 393, "ty": 4, "nm": "shape_393", "sr": 1, "ks": {}, "shapes": [{"ty": "rc"}]}, {"ddd": 0, "ind": 394, "ty": 4, "nm": "shape_394", "sr": 1, "ks": {}, "shapes": [{"ty": "rc"}]}, {"ddd": 0, "ind": 395, "ty": 4, "nm": "shape_395", "sr": 1, "ks": {}, "shapes": [{"ty": "rc"}]}, {"ddd": 0, "ind": 396, "ty": 4, "nm": "shape_396", "sr": 1, "ks": {}, "shapes": [{"ty": "rc"}]}, {"ddd": 0, "ind": 397, "ty": 4, "nm": "shape_397", "sr": 1, "ks": {}, "shapes": [{"ty": "rc"}]}, {"ddd": 0, "ind": 398, "ty": 4, "nm": "shape_398", "sr": 1, "ks": {}, "shapes": [{"ty": "rc"}]}, {"ddd": 0, "ind": 399, "ty": 4, "nm": "shape_399", "sr": 1, "ks": {}, "shapes": [{"ty": "rc"}]}, {"ddd": 0, "ind": 400, "ty": 4, "nm": "shape_400", "sr": 1, "ks": {}, "shapes": [{"ty": "rc"}]}, {"ddd": 0, "ind": 401, "ty": 4, "nm": "shape_401", "sr": 1, "ks": {}, "shapes": [{"ty": "rc"}]}, {"ddd": 0, "ind": 402, "ty": 4, "nm": "shape_402", "sr": 1, "ks": {}, "shapes": [{"ty": "rc"}]}, {"ddd": 0, "ind": 403, "ty": 4, "nm": "shape_403", "sr": 1, "ks": {}, "shapes": [{"ty": "rc"}]}, {"ddd": 0, "ind": 404, "ty": 4, "nm": "shape_404", "sr": 1, "ks": {}, "shapes": [{"ty": "rc"}]}, {"ddd": 0, "ind": 405, "ty": 4, "nm": "shape_405", "sr": 1, "ks": {}, "shapes": [{"ty": "rc"}]}, {"ddd": 0, "ind": 406, "ty": 4, "nm": "shape_406", "sr": 1, "ks": {}, "shapes": [{"ty": "rc"}]}, {"ddd": 0, "ind": 407, "ty": 4, "nm": "shape_407", "sr": 1, "ks": {}, "shapes": [{"ty": "rc"}]}, {"ddd": 0, "ind": 408, "ty": 4, "nm": "shape_408", "sr": 1, "ks": {}, "shapes": [{"ty": "rc"}]}, {"ddd": 0, "ind": 409, "ty": 4, "nm": "shape_409", "sr": 1, "ks": {}, "shapes": [{"ty": "rc"}]}, {"ddd": 0, "ind": 410, "ty": 4, "nm": "shape_410", "sr": 1, "ks": {}, "shapes": [{"ty": "rc"}]}, {"ddd": 0, "ind": 411, "ty": 4, "nm": "shape_411", "sr": 1, "ks": {}, "shapes": [{"ty": "rc"}]}, {"ddd": 0, "ind": 412, "ty": 4, "nm": "shape_412", "sr": 1, "ks": {}, "shapes": [{"ty": "rc"}]}, {"ddd": 0, "ind": 413, "ty": 4, "nm": "shape_413", "sr": 1, "ks": {}, "shapes": [{"ty": "rc"}]}, {"ddd": 0, "ind": 414, "ty": 4, "nm": "shape_414", "sr": 1, "ks": {}, "shapes": [{"ty": "rc"}]}, {"ddd": 0, "ind": 415, "ty": 4, "nm": "shape_415", "sr": 1, "ks": {}, "shapes": [{"ty": "rc"}]}, {"ddd": 0, "ind": 416, "ty": 4, "nm": "shape_416", "sr": 1, "ks": {}, "shapes": [{"ty": "rc"}]}, {"ddd": 0, "ind": 417, "ty": 4, "nm": "shape_417", "sr": 1, "ks": {}, "shapes": [{"ty": "rc"}]}, {"ddd": 0, "ind": 418, "ty": 4, "nm": "shape_418", "sr": 1, "ks": {}, "shapes": [{"ty": "rc"}]}, {"ddd": 0, "ind": 419, "ty": 4, "nm": "shape_419", "sr": 1, "ks": {}, "shapes": [{"ty": "rc"}]}, {"ddd": 0, "ind": 420, "ty": 4, "nm": "shape_420", "sr": 1, "ks": {}, "shapes": [{"ty": "rc"}]}, {"ddd": 0, "ind": 421, "ty": 4, "nm": "shape_421", "sr": 1, "ks": {}, "shapes": [{"ty": "rc"}]}, {"ddd": 0, "ind": 422, "ty": 4, "nm": "shape_422", "sr": 1, "ks": {}, "shapes": [{"ty": "rc"}]}, {"ddd": 0, "ind": 423, "ty": 4, "nm": "shape_423", "sr": 1, "ks": {}, "shapes": [{"ty": "rc"}]}, {"ddd": 0, "ind": 424, "ty": 4, "nm": "shape_424", "sr": 1, "ks": {}, "shapes": [{"ty": "rc"}]}, {"ddd": 0, "ind": 425, "ty": 4, "nm": "shape_425", "sr": 1, "ks": {}, "shapes": [{"ty": "rc"}]}, {"ddd": 0, "ind": 426, "ty": 4, "nm": "shape_426", "sr": 1, "ks": {}, "shapes": [{"ty": "rc"}]}, {"ddd": 0, "ind": 427, "ty": 4, "nm": "shape_427", "sr": 1, "ks": {}, "shapes": [{"ty": "rc"}]}, {"ddd": 0, "ind": 428, "ty": 4, "nm": "shape_428", "sr": 1, "ks": {}, "shapes": [{"ty": "rc"}]}, {"ddd": 0, "ind": 429, "ty": 4, "nm": "shape_429", "sr": 1, "ks": {}, "shapes": [{"ty": "rc"}]}, {"ddd": 0, "ind": 430, "ty": 4, "nm": "shape_430", "sr": 1, "ks": {}, "shapes": [{"ty": "rc"}]}, {"ddd": 0, "ind": 431, "ty": 4, "nm": "shape_431", "sr": 1, "ks": {}, "shapes": [{"ty": "rc"}]}, {"ddd": 0, "ind": 432, "ty": 4, "nm": "shape_432", "sr": 1, "ks": {}, "shapes": [{"ty": "rc"}]}, {"ddd": 0, "ind": 433, "ty": 4, "nm": "shape_433", "sr": 1, "ks": {}, "shapes": [{"ty": "rc"}]}, {"ddd": 0, "ind": 434, "ty": 4, "nm": "shape_434", "sr": 1, "ks": {}, "shapes": [{"ty": "rc"}]}, {"ddd": 0, "ind": 435, "ty": 4, "nm": "shape_435", "sr": 1, "ks": {}, "shapes": [{"ty": "rc"}]}, {"ddd": 0, "ind": 436, "ty": 4, "nm": "shape_436", "sr": 1, "ks": {}, "shapes": [{"ty": "rc"}]}, {"ddd": 0, "ind": 437, "ty": 4, "nm": "shape_437", "sr": 1, "ks": {}, "shapes": [{"ty": "rc"}]}, {"ddd": 0, "ind": 438, "ty": 4, "nm": "shape_438", "sr": 1, "ks": {}, "shapes": [{"ty": "rc"}]}, {"ddd": 0, "ind": 439, "ty": 4, "nm": "shape_439", "sr": 1, "ks": {}, "shapes": [{"ty": "rc"}]}, {"ddd": 0, "ind": 440, "ty": 4, "nm": "shape_440", "sr": 1, "ks": {}, "shapes": [{"ty": "rc"}]}, {"ddd": 0, "ind": 441, "ty": 4, "nm": "shape_441", "sr": 1, "ks": {}, "shapes": [{"ty": "rc"}]}, {"ddd": 0, "ind": 442, "ty": 4, "nm": "shape_442", "sr": 1, "ks": {}, "shapes": [{"ty": "rc"}]}, {"ddd": 0, "ind": 443, "ty": 4, "nm": "shape_443", "sr": 1, "ks": {}, "shapes": [{"ty": "rc"}]}, {"ddd": 0, "ind": 444, "ty": 4, "nm": "shape_444", "sr": 1, "ks": {}, "shapes": [{"ty": "rc"}]}, {"ddd": 0, "ind": 445, "ty": 4, "nm": "shape_445", "sr": 1, "ks": {}, "shapes": [{"ty": "rc"}]}, {"ddd": 0, "ind": 446, "ty": 4, "nm": "shape_446", "sr": 1, "ks": {}, "shapes": [{"ty": "rc"}]}, {"ddd": 0, "ind": 447, "ty": 4, "nm": "shape_447", "sr": 1, "ks": {}, "shapes": [{"ty": "rc"}]}, {"ddd": 0, "ind": 448, "ty": 4, "nm": "shape_448", "sr": 1, "ks": {}, "shapes": [{"ty": "rc"}]}, {"ddd": 0, "ind": 449, "ty": 4, "nm": "shape_449", "sr": 1, "ks": {}, "shapes": [{"ty": "rc"}]}, {"ddd": 0, "ind": 450, "ty": 4, "nm": "shape_450", "sr": 1, "ks": {}, "shapes": [{"ty": "rc"}]}, {"ddd": 0, "ind": 451, "ty": 4, "nm": "shape_451", "sr": 1, "ks": {}, "shapes": [{"ty": "rc"}]}, {"ddd": 0, "ind": 452, "ty": 4, "nm": "shape_452", "sr": 1, "ks": {}, "shapes": [{"ty": "rc"}]}, {"ddd": 0, "ind": 453, "ty": 4, "nm": "shape_453", "sr": 1, "ks": {}, "shapes": [{"ty": "rc"}]}, {"ddd": 0, "ind": 454, "ty": 4, "nm": "shape_454", "sr": 1, "ks": {}, "shapes": [{"ty": "rc"}]}, {"ddd": 0, "ind": 455, "ty": 4, "nm": "shape_455", "sr": 1, "ks": {}, "shapes": [{"ty": "rc"}]}, {"ddd": 0, "ind": 456, "ty": 4, "nm": "shape_456", "sr": 1, "ks": {}, "shapes": [{"ty": "rc"}]}, {"ddd": 0, "ind": 457, "ty": 4, "nm": "shape_457", "sr": 1, "ks": {}, "shapes": [{"ty": "rc"}]}, {"ddd": 0, "ind": 458, "ty": 4, "nm": "shape_458", "sr": 1, "ks": {}, "shapes": [{"ty": "rc"}]}, {"ddd": 0, "ind": 459, "ty": 4, "nm": "shape_459", "sr": 1, "ks": {}, "shapes": [{"ty": "rc"}]}, {"ddd": 0, "ind": 460, "ty": 4, "nm": "shape_460", "sr": 1, "ks": {}, "shapes": [{"ty": "rc"}]}, {"ddd": 0, "ind": 461, "ty": 4, "nm": "shape_461", "sr": 1, "ks": {}, "shapes": [{"ty": "rc"}]}, {"ddd": 0, "ind": 462, "ty": 4, "nm": "shape_462", "sr": 1, "ks": {}, "shapes": [{"ty": "rc"}]}, {"ddd": 0, "ind": 463, "ty": 4, "nm": "shape_463", "sr": 1, "ks": {}, "shapes": [{"ty": "rc"}]}, {"ddd": 0, "ind": 464, "ty": 4, "nm": "shape_464", "sr": 1, "ks": {}, "shapes": [{"ty": "rc"}]}, {"ddd": 0, "ind": 465, "ty": 4, "nm": "shape_465", "sr": 1, "ks": {}, "shapes": [{"ty": "rc"}]}, {"ddd": 0, "ind": 466, "ty": 4, "nm": "shape_466", "sr": 1, "ks": {}, "shapes": [{"ty": "rc"}]}, {"ddd": 0, "ind": 467, "ty": 4, "nm": "shape_467", "sr": 1, "ks": {}, "shapes": [{"ty": "rc"}]}, {"ddd": 0, "ind": 468, "ty": 4, "nm": "shape_468", "sr": 1, "ks": {}, "shapes": [{"ty": "rc"}]}, {"ddd": 0, "ind": 469, "ty": 4, "nm": "shape_469", "sr": 1, "ks": {}, "shapes": [{"ty": "rc"}]}, {"ddd": 0, "ind": 470, "ty": 4, "nm": "shape_470", "sr": 1, "ks": {}, "shapes": [{"ty": "rc"}]}, {"ddd": 0, "ind": 471, "ty": 4, "nm": "shape_471", "sr": 1, "ks": {}, "shapes": [{"ty": "rc"}]}, {"ddd": 0, "ind": 472, "ty": 4, "nm": "shape_472", "sr": 1, "ks": {}, "shapes": [{"ty": "rc"}]}, {"ddd": 0, "ind": 473, "ty": 4, "nm": "shape_473", "sr": 1, "ks": {}, "shapes": [{"ty": "rc"}]}, {"ddd": 0, "ind": 474, "ty": 4, "nm": "shape_474", "sr": 1, "ks": {}, "shapes": [{"ty": "rc"}]}, {"ddd": 0, "ind": 475, "ty": 4, "nm": "shape_475", "sr": 1, "ks": {}, "shapes": [{"ty": "rc"}]}, {"ddd": 0, "ind": 476, "ty": 4, "nm": "shape_476", "sr": 1, "ks": {}, "shapes": [{"ty": "rc"}]}, {"ddd": 0, "ind": 477, "ty": 4, "nm": "shape_477", "sr": 1, "ks": {}, "shapes": [{"ty": "rc"}]}, {"ddd": 0, "ind": 478, "ty": 4, "nm": "shape_478", "sr": 1, "ks": {}, "shapes": [{"ty": "rc"}]}, {"ddd": 0, "ind": 479, "ty": 4, "nm": "shape_479", "sr": 1, "ks": {}, "shapes": [{"ty": "rc"}]}, {"ddd": 0, "ind": 480, "ty": 4, "nm": "shape_480", "sr": 1, "ks": {}, "shapes": [{"ty": "rc"}]}, {"ddd": 0, "ind": 481, "ty": 4, "nm": "shape_481", "sr": 1, "ks": {}, "shapes": [{"ty": "rc"}]}, {"ddd": 0, "ind": 482, "ty": 4, "nm": "shape_482", "sr": 1, "ks": {}, "shapes": [{"ty": "rc"}]}, {"ddd": 0, "ind": 483, "ty": 4, "nm": "shape_483", "sr": 1, "ks": {}, "shapes": [{"ty": "rc"}]}, {"ddd": 0, "ind": 484, "ty": 4, "nm": "shape_484", "sr": 1, "ks": {}, "shapes": [{"ty": "rc"}]}, {"ddd": 0, "ind": 485, "ty": 4, "nm": "shape_485", "sr": 1, "ks": {}, "shapes": [{"ty": "rc"}]}, {"ddd": 0, "ind": 486, "ty": 4, "nm": "shape_486", "sr": 1, "ks": {}, "shapes": [{"ty": "rc"}]}, {"ddd": 0, "ind": 487, "ty": 4, "nm": "shape_487", "sr": 1, "ks": {}, "shapes": [{"ty": "rc"}]}, {"ddd": 0, "ind": 488, "ty": 4, "nm": "shape_488", "sr": 1, "ks": {}, "shapes": [{"ty": "rc"}]}, {"ddd": 0, "ind": 489, "ty": 4, "nm": "shape_489", "sr": 1, "ks": {}, "shapes": [{"ty": "rc"}]}, {"ddd": 0, "ind": 490, "ty": 4, "nm": "shape_490", "sr": 1, "ks": {}, "shapes": [{"ty": "rc"}]}, {"ddd": 0, "ind": 491, "ty": 4, "nm": "shape_491", "sr": 1, "ks": {}, "shapes": [{"ty": "rc"}]}, {"ddd": 0, "ind": 492, "ty": 4, "nm": "shape_492", "sr": 1, "ks": {}, "shapes": [{"ty": "rc"}]}, {"ddd": 0, "ind": 493, "ty": 4, "nm": "shape_493", "sr": 1, "ks": {}, "shapes": [{"ty": "rc"}]}, {"ddd": 0, "ind": 494, "ty": 4, "nm": "shape_494", "sr": 1, "ks": {}, "shapes": [{"ty": "rc"}]}, {"ddd": 0, "ind": 495, "ty": 4, "nm": "shape_495", "sr": 1, "ks": {}, "shapes": [{"ty": "rc"}]}, {"ddd": 0, "ind": 496, "ty": 4, "nm": "shape_496", "sr": 1, "ks": {}, "shapes": [{"ty": "rc"}]}, {"ddd": 0, "ind": 497, "ty": 4, "nm": "shape_497", "sr": 1, "ks": {}, "shapes": [{"ty": "rc"}]}, {"ddd": 0, "ind": 498, "ty": 4, "nm": "shape_498", "sr": 1, "ks": {}, "shapes": [{"ty": "rc"}]}, {"ddd": 0, "ind": 499, "ty": 4, "nm": "shape_499", "sr": 1, "ks": {}, "shapes": [{"ty": "rc"}]}, {"ddd": 0, "ind": 500, "ty": 4, "nm": "shape_500", "sr": 1, "ks": {}, "shapes": [{"ty": "rc"}]}, {"ddd": 0, "ind": 501, "ty": 4, "nm": "shape_501", "sr": 1, "ks": {}, "shapes": [{"ty": "rc"}]}, {"ddd": 0, "ind": 502, "ty": 4, "nm": "shape_502", "sr": 1, "ks": {}, "shapes": [{"ty": "rc"}]}, {"ddd": 0, "ind": 503, "ty": 4, "nm": "shape_503", "sr": 1, "ks": {}, "shapes": [{"ty": "rc"}]}, {"ddd": 0, "ind": 504, "ty": 4, "nm": "shape_504", "sr": 1, "ks": {}, "shapes": [{"ty": "rc"}]}, {"ddd": 0, "ind": 505, "ty": 4, "nm": "shape_505", "sr": 1, "ks": {}, "shapes": [{"ty": "rc"}]}, {"ddd": 0, "ind": 506, "ty": 4, "nm": "shape_506", "sr": 1, "ks": {}, "shapes": [{"ty": "rc"}]}, {"ddd": 0, "ind": 507, "ty": 4, "nm": "shape_507", "sr": 1, "ks": {}, "shapes": [{"ty": "rc"}]}, {"ddd": 0, "ind": 508, "ty": 4, "nm": "shape_508", "sr": 1, "ks": {}, "shapes": [{"ty": "rc"}]}, {"ddd": 0, "ind": 509, "ty": 4, "nm": "shape_509", "sr": 1, "ks": {}, "shapes": [{"ty": "rc"}]}, {"ddd": 0, "ind": 510, "ty": 4, "nm": "shape_510", "sr": 1, "ks": {}, "shapes": [{"ty": "rc"}]}, {"ddd": 0, "ind": 511, "ty": 4, "nm": "shape_511", "sr": 1, "ks": {}, "shapes": [{"ty": "rc"}]}, {"ddd": 0, "ind": 512, "ty": 4, "nm": "shape_512", "sr": 1, "ks": {}, "shapes": [{"ty": "rc"}]}, {"ddd": 0, "ind": 513, "ty": 4, "nm": "shape_513", "sr": 1, "ks": {}, "shapes": [{"ty": "rc"}]}, {"ddd": 0, "ind": 514, "ty": 4, "nm": "shape_514", "sr": 1, "ks": {}, "shapes": [{"ty": "rc"}]}, {"ddd": 0, "ind": 515, "ty": 4, "nm": "shape_515", "sr": 1, "ks": {}, "shapes": [{"ty": "rc"}]}, {"ddd": 0, "ind": 516, "ty": 4, "nm": "shape_516", "sr": 1, "ks": {}, "shapes": [{"ty": "rc"}]}, {"ddd": 0, "ind": 517, "ty": 4, "nm": "shape_517", "sr": 1, "ks": {}, "shapes": [{"ty": "rc"}]}, {"ddd": 0, "ind": 518, "ty": 4, "nm": "shape_518", "sr": 1, "ks": {}, "shapes": [{"ty": "rc"}]}, {"ddd": 0, "ind": 519, "ty": 4, "nm": "shape_519", "sr": 1, "ks": {}, "shapes": [{"ty": "rc"}]}, {"ddd": 0, "ind": 520, "ty": 4, "nm": "shape_520", "sr": 1, "ks": {}, "shapes": [{"ty": "rc"}]}, {"ddd": 0, "ind": 521, "ty": 4, "nm": "shape_521", "sr": 1, "ks": {}, "shapes": [{"ty": "rc"}]}, {"ddd": 0, "ind": 522, "ty": 4, "nm": "shape_522", "sr": 1, "ks": {}, "shapes": [{"ty": "rc"}]}, {"ddd": 0, "ind": 523, "ty": 4, "nm": "shape_523", "sr": 1, "ks": {}, "shapes": [{"ty": "rc"}]}, {"ddd": 0, "ind": 524, "ty": 4, "nm": "shape_524", "sr": 1, "ks": {}, "shapes": [{"ty": "rc"}]}, {"ddd": 0, "ind": 525, "ty": 4, "nm": "shape_525", "sr": 1, "ks": {}, "shapes": [{"ty": "rc"}]}, {"ddd": 0, "ind": 526, "ty": 4, "nm": "shape_526", "sr": 1, "ks": {}, "shapes": [{"ty": "rc"}]}, {"ddd": 0, "ind": 527, "ty": 4, "nm": "shape_527", "sr": 1, "ks": {}, "shapes": [{"ty": "rc"}]}, {"ddd": 0, "ind": 528, "ty": 4, "nm": "shape_528", "sr": 1, "ks": {}, "shapes": [{"ty": "rc"}]}, {"ddd": 0, "ind": 529, "ty": 4, "nm": "shape_529", "sr": 1, "ks": {}, "shapes": [{"ty": "rc"}]}, {"ddd": 0, "ind": 530, "ty": 4, "nm": "shape_530", "sr": 1, "ks": {}, "shapes": [{"ty": "rc"}]}, {"ddd": 0, "ind": 531, "ty": 4, "nm": "shape_531", "sr": 1, "ks": {}, "shapes": [{"ty": "rc"}]}, {"ddd": 0, "ind": 532, "ty": 4, "nm": "shape_532", "sr": 1, "ks": {}, "shapes": [{"ty": "rc"}]}, {"ddd": 0, "ind": 533, "ty": 4, "nm": "shape_533", "sr": 1, "ks": {}, "shapes": [{"ty": "rc"}]}, {"ddd": 0, "ind": 534, "ty": 4, "nm": "shape_534", "sr": 1, "ks": {}, "shapes": [{"ty": "rc"}]}, {"ddd": 0, "ind": 535, "ty": 4, "nm": "shape_535", "sr": 1, "ks": {}, "shapes": [{"ty": "rc"}]}, {"ddd": 0, "ind": 536, "ty": 4, "nm": "shape_536", "sr": 1, "ks": {}, "shapes": [{"ty": "rc"}]}, {"ddd": 0, "ind": 537, "ty": 4, "nm": "shape_537", "sr": 1, "ks": {}, "shapes": [{"ty": "rc"}]}, {"ddd": 0, "ind": 538, "ty": 4, "nm": "shape_538", "sr": 1, "ks": {}, "shapes": [{"ty": "rc"}]}, {"ddd": 0, "ind": 539, "ty": 4, "nm": "shape_539", "sr": 1, "ks": {}, "shapes": [{"ty": "rc"}]}, {"ddd": 0, "ind": 540, "ty": 4, "nm": "shape_540", "sr": 1, "ks": {}, "shapes": [{"ty": "rc"}]}, {"ddd": 0, "ind": 541, "ty": 4, "nm": "shape_541", "sr": 1, "ks": {}, "shapes": [{"ty": "rc"}]}, {"ddd": 0, "ind": 542, "ty": 4, "nm": "shape_542", "sr": 1, "ks": {}, "shapes": [{"ty": "rc"}]}, {"ddd": 0, "ind": 543, "ty": 4, "nm": "shape_543", "sr": 1, "ks": {}, "shapes": [{"ty": "rc"}]}, {"ddd": 0, "ind": 544, "ty": 4, "nm": "shape_544", "sr": 1, "ks": {}, "shapes": [{"ty": "rc"}]}, {"ddd": 0, "ind": 545, "ty": 4, "nm": "shape_545", "sr": 1, "ks": {}, "shapes": [{"ty": "rc"}]}, {"ddd": 0, "ind": 546, "ty": 4, "nm": "shape_546", "sr": 1, "ks": {}, "shapes": [{"ty": "rc"}]}, {"ddd": 0, "ind": 547, "ty": 4, "nm": "shape_547", "sr": 1, "ks": {}, "shapes": [{"ty": "rc"}]}, {"ddd": 0, "ind": 548, "ty": 4, "nm": "shape_548", "sr": 1, "ks": {}, "shapes": [{"ty": "rc"}]}, {"ddd": 0, "ind": 549, "ty": 4, "nm": "shape_549", "sr": 1, "ks": {}, "shapes": [{"ty": "rc"}]}, {"ddd": 0, "ind": 550, "ty": 4, "nm": "shape_550", "sr": 1, "ks": {}, "shapes": [{"ty": "rc"}]}, {"ddd": 0, "ind": 551, "ty": 4, "nm": "shape_551", "sr": 1, "ks": {}, "shapes": [{"ty": "rc"}]}, {"ddd": 0, "ind": 552, "ty": 4, "nm": "shape_552", "sr": 1, "ks": {}, "shapes": [{"ty": "rc"}]}, {"ddd": 0, "ind": 553, "ty": 4, "nm": "shape_553", "sr": 1, "ks": {}, "shapes": [{"ty": "rc"}]}, {"ddd": 0, "ind": 554, "ty": 4, "nm": "shape_554", "sr": 1, "ks": {}, "shapes": [{"ty": "rc"}]}, {"ddd": 0, "ind": 555, "ty": 4, "nm": "shape_555", "sr": 1, "ks": {}, "shapes": [{"ty": "rc"}]}, {"ddd": 0, "ind": 556, "ty": 4, "nm": "shape_556", "sr": 1, "ks": {}, "shapes": [{"ty": "rc"}]}, {"ddd": 0, "ind": 557, "ty": 4, "nm": "shape_557", "sr": 1, "ks": {}, "shapes": [{"ty": "rc"}]}, {"ddd": 0, "ind": 558, "ty": 4, "nm": "shape_558", "sr": 1, "ks": {}, "shapes": [{"ty": "rc"}]}, {"ddd": 0, "ind": 559, "ty": 4, "nm": "shape_559", "sr": 1, "ks": {}, "shapes": [{"ty": "rc"}]}, {"ddd": 0, "ind": 560, "ty": 4, "nm": "shape_560", "sr": 1, "ks": {}, "shapes": [{"ty": "rc"}]}, {"ddd": 0, "ind": 561, "ty": 4, "nm": "shape_561", "sr": 1, "ks": {}, "shapes": [{"ty": "rc"}]}, {"ddd": 0, "ind": 562, "ty": 4, "nm": "shape_562", "sr": 1, "ks": {}, "shapes": [{"ty": "rc"}]}, {"ddd": 0, "ind": 563, "ty": 4, "nm": "shape_563", "sr": 1, "ks": {}, "shapes": [{"ty": "rc"}]}, {"ddd": 0, "ind": 564, "ty": 4, "nm": "shape_564", "sr": 1, "ks": {}, "shapes": [{"ty": "rc"}]}, {"ddd": 0, "ind": 565, "ty": 4, "nm": "shape_565", "sr": 1, "ks": {}, "shapes": [{"ty": "rc"}]}, {"ddd": 0, "ind": 566, "ty": 4, "nm": "shape_566", "sr": 1, "ks": {}, "shapes": [{"ty": "rc"}]}, {"ddd": 0, "ind": 567, "ty": 4, "nm": "shape_567", "sr": 1, "ks": {}, "shapes": [{"ty": "rc"}]}, {"ddd": 0, "ind": 568, "ty": 4, "nm": "shape_568", "sr": 1, "ks": {}, "shapes": [{"ty": "rc"}]}, {"ddd": 0, "ind": 569, "ty": 4, "nm": "shape_569", "sr": 1, "ks": {}, "shapes": [{"ty": "rc"}]}, {"ddd": 0, "ind": 570, "ty": 4, "nm": "shape_570", "sr": 1, "ks": {}, "shapes": [{"ty": "rc"}]}, {"ddd": 0, "ind": 571, "ty": 4, "nm": "shape_571", "sr": 1, "ks": {}, "shapes": [{"ty": "rc"}]}, {"ddd": 0, "ind": 572, "ty": 4, "nm": "shape_572", "sr": 1, "ks": {}, "shapes": [{"ty": "rc"}]}, {"ddd": 0, "ind": 573, "ty": 4, "nm": "shape_573", "sr": 1, "ks": {}, "shapes": [{"ty": "rc"}]}, {"ddd": 0, "ind": 574, "ty": 4, "nm": "shape_574", "sr": 1, "ks": {}, "shapes": [{"ty": "rc"}]}, {"ddd": 0, "ind": 575, "ty": 4, "nm": "shape_575", "sr": 1, "ks": {}, "shapes": [{"ty": "rc"}]}, {"ddd": 0, "ind": 576, "ty": 4, "nm": "shape_576", "sr": 1, "ks": {}, "shapes": [{"ty": "rc"}]}, {"ddd": 0, "ind": 577, "ty": 4, "nm": "shape_577", "sr": 1, "ks": {}, "shapes": [{"ty": "rc"}]}, {"ddd": 0, "ind": 578, "ty": 4, "nm": "shape_578", "sr": 1, "ks": {}, "shapes": [{"ty": "rc"}]}, {"ddd": 0, "ind": 579, "ty": 4, "nm": "shape_579", "sr": 1, "ks": {}, "shapes": [{"ty": "rc"}]}, {"ddd": 0, "ind": 580, "ty": 4, "nm": "shape_580", "sr": 1, "ks": {}, "shapes": [{"ty": "rc"}]}, {"ddd": 0, "ind": 581, "ty": 4, "nm": "shape_581", "sr": 1, "ks": {}, "shapes": [{"ty": "rc"}]}, {"ddd": 0, "ind": 582, "ty": 4, "nm": "shape_582", "sr": 1, "ks": {}, "shapes": [{"ty": "rc"}]}, {"ddd": 0, "ind": 583, "ty": 4, "nm": "shape_583", "sr": 1, "ks": {}, "shapes": [{"ty": "rc"}]}, {"ddd": 0, "ind": 584, "ty": 4, "nm": "shape_584", "sr": 1, "ks": {}, "shapes": [{"ty": "rc"}]}, {"ddd": 0, "ind": 585, "ty": 4, "nm": "shape_585", "sr": 1, "ks": {}, "shapes": [{"ty": "rc"}]}, {"ddd": 0, "ind": 586, "ty": 4, "nm": "shape_586", "sr": 1, "ks": {}, "shapes": [{"ty": "rc"}]}, {"ddd": 0, "ind": 587, "ty": 4, "nm": "shape_587", "sr": 1, "ks": {}, "shapes": [{"ty": "rc"}]}, {"ddd": 0, "ind": 588, "ty": 4, "nm": "shape_588", "sr": 1, "ks": {}, "shapes": [{"ty": "rc"}]}, {"ddd": 0, "ind": 589, "ty": 4, "nm": "shape_589", "sr": 1, "ks": {}, "shapes": [{"ty": "rc"}]}, {"ddd": 0, "ind": 590, "ty": 4, "nm": "shape_590", "sr": 1, "ks": {}, "shapes": [{"ty": "rc"}]}, {"ddd": 0, "ind": 591, "ty": 4, "nm": "shape_591", "sr": 1, "ks": {}, "shapes": [{"ty": "rc"}]}, {"ddd": 0, "ind": 592, "ty": 4, "nm": "shape_592", "sr": 1, "ks": {}, "shapes": [{"ty": "rc"}]}, {"ddd": 0, "ind": 593, "ty": 4, "nm": "shape_593", "sr": 1, "ks": {}, "shapes": [{"ty": "rc"}]}, {"ddd": 0, "ind": 594, "ty": 4, "nm": "shape_594", "sr": 1, "ks": {}, "shapes": [{"ty": "rc"}]}, {"ddd": 0, "ind": 595, "ty": 4, "nm": "shape_595", "sr": 1, "ks": {}, "shapes": [{"ty": "rc"}]}, {"ddd": 0, "ind": 596, "ty": 4, "nm": "shape_596", "sr": 1, "ks": {}, "shapes": [{"ty": "rc"}]}, {"ddd": 0, "ind": 597, "ty": 4, "nm": "shape_597", "sr": 1, "ks": {}, "shapes": [{"ty": "rc"}]}, {"ddd": 0, "ind": 598, "ty": 4, "nm": "shape_598", "sr": 1, "ks": {}, "shapes": [{"ty": "rc"}]}, {"ddd": 0, "ind": 599, "ty": 4, "nm": "shape_599", "sr": 1, "ks": {}, "shapes": [{"ty": "rc"}]}, {"ddd": 0, "ind": 600, "ty": 4, "nm": "shape_600", "sr": 1, "ks": {}, "shapes": [{"ty": "rc"}]}, {"ddd": 0, "ind": 601, "ty": 4, "nm": "shape_601", "sr": 1, "ks": {}, "shapes": [{"ty": "rc"}]}, {"ddd": 0, "ind": 602, "ty": 4, "nm": "shape_602", "sr": 1, "ks": {}, "shapes": [{"ty": "rc"}]}, {"ddd": 0, "ind": 603, "ty": 4, "nm": "shape_603", "sr": 1, "ks": {}, "shapes": [{"ty": "rc"}]}, {"ddd": 0, "ind": 604, "ty": 4, "nm": "shape_604", "sr": 1, "ks": {}, "shapes": [{"ty": "rc"}]}, {"ddd": 0, "ind": 605, "ty": 4, "nm": "shape_605", "sr": 1, "ks": {}, "shapes": [{"ty": "rc"}]}, {"ddd": 0, "ind": 606, "ty": 4, "nm": "shape_606", "sr": 1, "ks": {}, "shapes": [{"ty": "rc"}]}, {"ddd": 0, "ind": 607, "ty": 4, "nm": "shape_607", "sr": 1, "ks": {}, "shapes": [{"ty": "rc"}]}, {"ddd": 0, "ind": 608, "ty": 4, "nm": "shape_608", "sr": 1, "ks": {}, "shapes": [{"ty": "rc"}]}, {"ddd": 0, "ind": 609, "ty": 4, "nm": "shape_609", "sr": 1, "ks": {}, "shapes": [{"ty": "rc"}]}, {"ddd": 0, "ind": 610, "ty": 4, "nm": "shape_610", "sr": 1, "ks": {}, "shapes": [{"ty": "rc"}]}, {"ddd": 0, "ind": 611, "ty": 4, "nm": "shape_611", "sr": 1, "ks": {}, "shapes": [{"ty": "rc"}]}, {"ddd": 0, "ind": 612, "ty": 4, "nm": "shape_612", "sr": 1, "ks": {}, "shapes": [{"ty": "rc"}]}, {"ddd": 0, "ind": 613, "ty": 4, "nm": "shape_613", "sr": 1, "ks": {}, "shapes": [{"ty": "rc"}]}, {"ddd": 0, "ind": 614, "ty": 4, "nm": "shape_614", "sr": 1, "ks": {}, "shapes": [{"ty": "rc"}]}, {"ddd": 0, "ind": 615, "ty": 4, "nm": "shape_615", "sr": 1, "ks": {}, "shapes": [{"ty": "rc"}]}, {"ddd": 0, "ind": 616, "ty": 4, "nm": "shape_616", "sr": 1, "ks": {}, "shapes": [{"ty": "rc"}]}, {"ddd": 0, "ind": 617, "ty": 4, "nm": "shape_617", "sr": 1, "ks": {}, "shapes": [{"ty": "rc"}]}, {"ddd": 0, "ind": 618, "ty": 4, "nm": "shape_618", "sr": 1, "ks": {}, "shapes": [{"ty": "rc"}]}, {"ddd": 0, "ind": 619, "ty": 4, "nm": "shape_619", "sr": 1, "ks": {}, "shapes": [{"ty": "rc"}]}, {"ddd": 0, "ind": 620, "ty": 4, "nm": "shape_620", "sr": 1, "ks": {}, "shapes": [{"ty": "rc"}]}, {"ddd": 0, "ind": 621, "ty": 4, "nm": "shape_621", "sr": 1, "ks": {}, "shapes": [{"ty": "rc"}]}, {"ddd": 0, "ind": 622, "ty": 4, "nm": "shape_622", "sr": 1, "ks": {}, "shapes": [{"ty": "rc"}]}, {"ddd": 0, "ind": 623, "ty": 4, "nm": "shape_623", "sr": 1, "ks": {}, "shapes": [{"ty": "rc"}]}, {"ddd": 0, "ind": 624, "ty": 4, "nm": "shape_624", "sr": 1, "ks": {}, "shapes": [{"ty": "rc"}]}, {"ddd": 0, "ind": 625, "ty": 4, "nm": "shape_625", "sr": 1, "ks": {}, "shapes": [{"ty": "rc"}]}, {"ddd": 0, "ind": 626, "ty": 4, "nm": "shape_626", "sr": 1, "ks": {}, "shapes": [{"ty": "rc"}]}, {"ddd": 0, "ind": 627, "ty": 4, "nm": "shape_627", "sr": 1, "ks": {}, "shapes": [{"ty": "rc"}]}, {"ddd": 0, "ind": 628, "ty": 4, "nm": "shape_628", "sr": 1, "ks": {}, "shapes": [{"ty": "rc"}]}, {"ddd": 0, "ind": 629, "ty": 4, "nm": "shape_629", "sr": 1, "ks": {}, "shapes": [{"ty": "rc"}]}, {"ddd": 0, "ind": 630, "ty": 4, "nm": "shape_630", "sr": 1, "ks": {}, "shapes": [{"ty": "rc"}]}, {"ddd": 0, "ind": 631, "ty": 4, "nm": "shape_631", "sr": 1, "ks": {}, "shapes": [{"ty": "rc"}]}, {"ddd": 0, "ind": 632, "ty": 4, "nm": "shape_632", "sr": 1, "ks": {}, "shapes": [{"ty": "rc"}]}, {"ddd": 0, "ind": 633, "ty": 4, "nm": "shape_633", "sr": 1, "ks": {}, "shapes": [{"ty": "rc"}]}, {"ddd": 0, "ind": 634, "ty": 4, "nm": "shape_634", "sr": 1, "ks": {}, "shapes": [{"ty": "rc"}]}, {"ddd": 0, "ind": 635, "ty": 4, "nm": "shape_635", "sr": 1, "ks": {}, "shapes": [{"ty": "rc"}]}, {"ddd": 0, "ind": 636, "ty": 4, "nm": "shape_636", "sr": 1, "ks": {}, "shapes": [{"ty": "rc"}]}, {"ddd": 0, "ind": 637, "ty": 4, "nm": "shape_637", "sr": 1, "ks": {}, "shapes": [{"ty": "rc"}]}, {"ddd": 0, "ind": 638, "ty": 4, "nm": "shape_638", "sr": 1, "ks": {}, "shapes": [{"ty": "rc"}]}, {"ddd": 0, "ind": 639, "ty": 4, "nm": "shape_639", "sr": 1, "ks": {}, "shapes": [{"ty": "rc"}]}, {"ddd": 0, "ind": 640, "ty": 4, "nm": "shape_640", "sr": 1, "ks": {}, "shapes": [{"ty": "rc"}]}, {"ddd": 0, "ind": 641, "ty": 4, "nm": "shape_641", "sr": 1, "ks": {}, "shapes": [{"ty": "rc"}]}, {"ddd": 0, "ind": 642, "ty": 4, "nm": "shape_642", "sr": 1, "ks": {}, "shapes": [{"ty": "rc"}]}, {"ddd": 0, "ind": 643, "ty": 4, "nm": "shape_643", "sr": 1, "ks": {}, "shapes": [{"ty": "rc"}]}, {"ddd": 0, "ind": 644, "ty": 4, "nm": "shape_644", "sr": 1, "ks": {}, "shapes": [{"ty": "rc"}]}, {"ddd": 0, "ind": 645, "ty": 4, "nm": "shape_645", "sr": 1, "ks": {}, "shapes": [{"ty": "rc"}]}, {"ddd": 0, "ind": 646, "ty": 4, "nm": "shape_646", "sr": 1, "ks": {}, "shapes": [{"ty": "rc"}]}, {"ddd": 0, "ind": 647, "ty": 4, "nm": "shape_647", "sr": 1, "ks": {}, "shapes": [{"ty": "rc"}]}, {"ddd": 0, "ind": 648, "ty": 4, "nm": "shape_648", "sr": 1, "ks": {}, "shapes": [{"ty": "rc"}]}, {"ddd": 0, "ind": 649, "ty": 4, "nm": "shape_649", "sr": 1, "ks": {}, "shapes": [{"ty": "rc"}]}, {"ddd": 0, "ind": 650, "ty": 4, "nm": "shape_650", "sr": 1, "ks": {}, "shapes": [{"ty": "rc"}]}, {"ddd": 0, "ind": 651, "ty": 4, "nm": "shape_651", "sr": 1, "ks": {}, "shapes": [{"ty": "rc"}]}, {"ddd": 0, "ind": 652, "ty": 4, "nm": "shape_652", "sr": 1, "ks": {}, "shapes": [{"ty": "rc"}]}, {"ddd": 0, "ind": 653, "ty": 4, "nm": "shape_653", "sr": 1, "ks": {}, "shapes": [{"ty": "rc"}]}, {"ddd": 0, "ind": 654, "ty": 4, "nm": "shape_654", "sr": 1, "ks": {}, "shapes": [{"ty": "rc"}]}, {"ddd": 0, "ind": 655, "ty": 4, "nm": "shape_655", "sr": 1, "ks": {}, "shapes": [{"ty": "rc"}]}, {"ddd": 0, "ind": 656, "ty": 4, "nm": "shape_656", "sr": 1, "ks": {}, "shapes": [{"ty": "rc"}]}, {"ddd": 0, "ind": 657, "ty": 4, "nm": "shape_657", "sr": 1, "ks": {}, "shapes": [{"ty": "rc"}]}, {"ddd": 0, "ind": 658, "ty": 4, "nm": "shape_658", "sr": 1, "ks": {}, "shapes": [{"ty": "rc"}]}, {"ddd": 0, "ind": 659, "ty": 4, "nm": "shape_659", "sr": 1, "ks": {}, "shapes": [{"ty": "rc"}]}, {"ddd": 0, "ind": 660, "ty": 4, "nm": "shape_660", "sr": 1, "ks": {}, "shapes": [{"ty": "rc"}]}, {"ddd": 0, "ind": 661, "ty": 4, "nm": "shape_661", "sr": 1, "ks": {}, "shapes": [{"ty": "rc"}]}, {"ddd": 0, "ind": 662, "ty": 4, "nm": "shape_662", "sr": 1, "ks": {}, "shapes": [{"ty": "rc"}]}, {"ddd": 0, "ind": 663, "ty": 4, "nm": "shape_663", "sr": 1, "ks": {}, "shapes": [{"ty": "rc"}]}, {"ddd": 0, "ind": 664, "ty": 4, "nm": "shape_664", "sr": 1, "ks": {}, "shapes": [{"ty": "rc"}]}, {"ddd": 0, "ind": 665, "ty": 4, "nm": "shape_665", "sr": 1, "ks": {}, "shapes": [{"ty": "rc"}]}, {"ddd": 0, "ind": 666, "ty": 4, "nm": "shape_666", "sr": 1, "ks": {}, "shapes": [{"ty": "rc"}]}, {"ddd": 0, "ind": 667, "ty": 4, "nm": "shape_667", "sr": 1, "ks": {}, "shapes": [{"ty": "rc"}]}, {"ddd": 0, "ind": 668, "ty": 4, "nm": "shape_668", "sr": 1, "ks": {}, "shapes": [{"ty": "rc"}]}, {"ddd": 0, "ind": 669, "ty": 4, "nm": "shape_669", "sr": 1, "ks": {}, "shapes": [{"ty": "rc"}]}, {"ddd": 0, "ind": 670, "ty": 4, "nm": "shape_670", "sr": 1, "ks": {}, "shapes": [{"ty": "rc"}]}, {"ddd": 0, "ind": 671, "ty": 4, "nm": "shape_671", "sr": 1, "ks": {}, "shapes": [{"ty": "rc"}]}, {"ddd": 0, "ind": 672, "ty": 4, "nm": "shape_672", "sr": 1, "ks": {}, "shapes": [{"ty": "rc"}]}, {"ddd": 0, "ind": 673, "ty": 4, "nm": "shape_673", "sr": 1, "ks": {}, "shapes": [{"ty": "rc"}]}, {"ddd": 0, "ind": 674, "ty": 4, "nm": "shape_674", "sr": 1, "ks": {}, "shapes": [{"ty": "rc"}]}, {"ddd": 0, "ind": 675, "ty": 4, "nm": "shape_675", "sr": 1, "ks": {}, "shapes": [{"ty": "rc"}]}, {"ddd": 0, "ind": 676, "ty": 4, "nm": "shape_676", "sr": 1, "ks": {}, "shapes": [{"ty": "rc"}]}, {"ddd": 0, "ind": 677, "ty": 4, "nm": "shape_677", "sr": 1, "ks": {}, "shapes": [{"ty": "rc"}]}, {"ddd": 0, "ind": 678, "ty": 4, "nm": "shape_678", "sr": 1, "ks": {}, "shapes": [{"ty": "rc"}]}, {"ddd": 0, "ind": 679, "ty": 4, "nm": "shape_679", "sr": 1, "ks": {}, "shapes": [{"ty": "rc"}]}, {"ddd": 0, "ind": 680, "ty": 4, "nm": "shape_680", "sr": 1, "ks": {}, "shapes": [{"ty": "rc"}]}, {"ddd": 0, "ind": 681, "ty": 4, "nm": "shape_681", "sr": 1, "ks": {}, "shapes": [{"ty": "rc"}]}, {"ddd": 0, "ind": 682, "ty": 4, "nm": "shape_682", "sr": 1, "ks": {}, "shapes": [{"ty": "rc"}]}, {"ddd": 0, "ind": 683, "ty": 4, "nm": "shape_683", "sr": 1, "ks": {}, "shapes": [{"ty": "rc"}]}, {"ddd": 0, "ind": 684, "ty": 4, "nm": "shape_684", "sr": 1, "ks": {}, "shapes": [{"ty": "rc"}]}, {"ddd": 0, "ind": 685, "ty": 4, "nm": "shape_685", "sr": 1, "ks": {}, "shapes": [{"ty": "rc"}]}, {"ddd": 0, "ind": 686, "ty": 4, "nm": "shape_686", "sr": 1, "ks": {}, "shapes": [{"ty": "rc"}]}, {"ddd": 0, "ind": 687, "ty": 4, "nm": "shape_687", "sr": 1, "ks": {}, "shapes": [{"ty": "rc"}]}, {"ddd": 0, "ind": 688, "ty": 4, "nm": "shape_688", "sr": 1, "ks": {}, "shapes": [{"ty": "rc"}]}, {"ddd": 0, "ind": 689, "ty": 4, "nm": "shape_689", "sr": 1, "ks": {}, "shapes": [{"ty": "rc"}]}, {"ddd": 0, "ind": 690, "ty": 4, "nm": "shape_690", "sr": 1, "ks": {}, "shapes": [{"ty": "rc"}]}, {"ddd": 0, "ind": 691, "ty": 4, "nm": "shape_691", "sr": 1, "ks": {}, "shapes": [{"ty": "rc"}]}, {"ddd": 0, "ind": 692, "ty": 4, "nm": "shape_692", "sr": 1, "ks": {}, "shapes": [{"ty": "rc"}]}, {"ddd": 0, "ind": 693, "ty": 4, "nm": "shape_693", "sr": 1, "ks": {}, "shapes": [{"ty": "rc"}]}, {"ddd": 0, "ind": 694, "ty": 4, "nm": "shape_694", "sr": 1, "ks": {}, "shapes": [{"ty": "rc"}]}, {"ddd": 0, "ind": 695, "ty": 4, "nm": "shape_695", "sr": 1, "ks": {}, "shapes": [{"ty": "rc"}]}, {"ddd": 0, "ind": 696, "ty": 4, "nm": "shape_696", "sr": 1, "ks": {}, "shapes": [{"ty": "rc"}]}, {"ddd": 0, "ind": 697, "ty": 4, "nm": "shape_697", "sr": 1, "ks": {}, "shapes": [{"ty": "rc"}]}, {"ddd": 0, "ind": 698, "ty": 4, "nm": "shape_698", "sr": 1, "ks": {}, "shapes": [{"ty": "rc"}]}, {"ddd": 0, "ind": 699, "ty": 4, "nm": "shape_699", "sr": 1, "ks": {}, "shapes": [{"ty": "rc"}]}, {"ddd": 0, "ind": 700, "ty": 4, "nm": "shape_700", "sr": 1, "ks": {}, "shapes": [{"ty": "rc"}]}, {"ddd": 0, "ind": 701, "ty": 4, "nm": "shape_701", "sr": 1, "ks": {}, "shapes": [{"ty": "rc"}]}, {"ddd": 0, "ind": 702, "ty": 4, "nm": "shape_702", "sr": 1, "ks": {}, "shapes": [{"ty": "rc"}]}, {"ddd": 0, "ind": 703, "ty": 4, "nm": "shape_703", "sr": 1, "ks": {}, "shapes": [{"ty": "rc"}]}, {"ddd": 0, "ind": 704, "ty": 4, "nm": "shape_704", "sr": 1, "ks": {}, "shapes": [{"ty": "rc"}]}, {"ddd": 0, "ind": 705, "ty": 4, "nm": "shape_705", "sr": 1, "ks": {}, "shapes": [{"ty": "rc"}]}, {"ddd": 0, "ind": 706, "ty": 4, "nm": "shape_706", "sr": 1, "ks": {}, "shapes": [{"ty": "rc"}]}, {"ddd": 0, "ind": 707, "ty": 4, "nm": "shape_707", "sr": 1, "ks": {}, "shapes": [{"ty": "rc"}]}, {"ddd": 0, "ind": 708, "ty": 4, "nm": "shape_708", "sr": 1, "ks": {}, "shapes": [{"ty": "rc"}]}, {"ddd": 0, "ind": 709, "ty": 4, "nm": "shape_709", "sr": 1, "ks": {}, "shapes": [{"ty": "rc"}]}, {"ddd": 0, "ind": 710, "ty": 4, "nm": "shape_710", "sr": 1, "ks": {}, "shapes": [{"ty": "rc"}]}, {"ddd": 0, "ind": 711, "ty": 4, "nm": "shape_711", "sr": 1, "ks": {}, "shapes": [{"ty": "rc"}]}, {"ddd": 0, "ind": 712, "ty": 4, "nm": "shape_712", "sr": 1, "ks": {}, "shapes": [{"ty": "rc"}]}, {"ddd": 0, "ind": 713, "ty": 4, "nm": "shape_713", "sr": 1, "ks": {}, "shapes": [{"ty": "rc"}]}, {"ddd": 0, "ind": 714, "ty": 4, "nm": "shape_714", "sr": 1, "ks": {}, "shapes": [{"ty": "rc"}]}, {"ddd": 0, "ind": 715, "ty": 4, "nm": "shape_715", "sr": 1, "ks": {}, "shapes": [{"ty": "rc"}]}, {"ddd": 0, "ind": 716, "ty": 4, "nm": "shape_716", "sr": 1, "ks": {}, "shapes": [{"ty": "rc"}]}, {"ddd": 0, "ind": 717, "ty": 4, "nm": "shape_717", "sr": 1, "ks": {}, "shapes": [{"ty": "rc"}]}, {"ddd": 0, "ind": 718, "ty": 4, "nm": "shape_718", "sr": 1, "ks": {}, "shapes": [{"ty": "rc"}]}, {"ddd": 0, "ind": 719, "ty": 4, "nm": "shape_719", "sr": 1, "ks": {}, "shapes": [{"ty": "rc"}]}, {"ddd": 0, "ind": 720, "ty": 4, "nm": "shape_720", "sr": 1, "ks": {}, "shapes": [{"ty": "rc"}]}, {"ddd": 0, "ind": 721, "ty": 4, "nm": "shape_721", "sr": 1, "ks": {}, "shapes": [{"ty": "rc"}]}, {"ddd": 0, "ind": 722, "ty": 4, "nm": "shape_722", "sr": 1, "ks": {}, "shapes": [{"ty": "rc"}]}, {"ddd": 0, "ind": 723, "ty": 4, "nm": "shape_723", "sr": 1, "ks": {}, "shapes": [{"ty": "rc"}]}, {"ddd": 0, "ind": 724, "ty": 4, "nm": "shape_724", "sr": 1, "ks": {}, "shapes": [{"ty": "rc"}]}, {"ddd": 0, "ind": 725, "ty": 4, "nm": "shape_725", "sr": 1, "ks": {}, "shapes": [{"ty": "rc"}]}, {"ddd": 0, "ind": 726, "ty": 4, "nm": "shape_726", "sr": 1, "ks": {}, "shapes": [{"ty": "rc"}]}, {"ddd": 0, "ind": 727, "ty": 4, "nm": "shape_727", "sr": 1, "ks": {}, "shapes": [{"ty": "rc"}]}, {"ddd": 0, "ind": 728, "ty": 4, "nm": "shape_728", "sr": 1, "ks": {}, "shapes": [{"ty": "rc"}]}, {"ddd": 0, "ind": 729, "ty": 4, "nm": "shape_729", "sr": 1, "ks": {}, "shapes": [{"ty": "rc"}]}, {"ddd": 0, "ind": 730, "ty": 4, "nm": "shape_730", "sr": 1, "ks": {}, "shapes": [{"ty": "rc"}]}, {"ddd": 0, "ind": 731, "ty": 4, "nm": "shape_731", "sr": 1, "ks": {}, "shapes": [{"ty": "rc"}]}, {"ddd": 0, "ind": 732, "ty": 4, "nm": "shape_732", "sr": 1, "ks": {}, "shapes": [{"ty": "rc"}]}, {"ddd": 0, "ind": 733, "ty": 4, "nm": "shape_733", "sr": 1, "ks": {}, "shapes": [{"ty": "rc"}]}, {"ddd": 0, "ind": 734, "ty": 4, "nm": "shape_734", "sr": 1, "ks": {}, "shapes": [{"ty": "rc"}]}, {"ddd": 0, "ind": 735, "ty": 4, "nm": "shape_735", "sr": 1, "ks": {}, "shapes": [{"ty": "rc"}]}, {"ddd": 0, "ind": 736, "ty": 4, "nm": "shape_736", "sr": 1, "ks": {}, "shapes": [{"ty": "rc"}]}, {"ddd": 0, "ind": 737, "ty": 4, "nm": "shape_737", "sr": 1, "ks": {}, "shapes": [{"ty": "rc"}]}, {"ddd": 0, "ind": 738, "ty": 4, "nm": "shape_738", "sr": 1, "ks": {}, "shapes": [{"ty": "rc"}]}, {"ddd": 0, "ind": 739, "ty": 4, "nm": "shape_739", "sr": 1, "ks": {}, "shapes": [{"ty": "rc"}]}, {"ddd": 0, "ind": 740, "ty": 4, "nm": "shape_740", "sr": 1, "ks": {}, "shapes": [{"ty": "rc"}]}, {"ddd": 0, "ind": 741, "ty": 4, "nm": "shape_741", "sr": 1, "ks": {}, "shapes": [{"ty": "rc"}]}, {"ddd": 0, "ind": 742, "ty": 4, "nm": "shape_742", "sr": 1, "ks": {}, "shapes": [{"ty": "rc"}]}, {"ddd": 0, "ind": 743, "ty": 4, "nm": "shape_743", "sr": 1, "ks": {}, "shapes": [{"ty": "rc"}]}, {"ddd": 0, "ind": 744, "ty": 4, "nm": "shape_744", "sr": 1, "ks": {}, "shapes": [{"ty": "rc"}]}, {"ddd": 0, "ind": 745, "ty": 4, "nm": "shape_745", "sr": 1, "ks": {}, "shapes": [{"ty": "rc"}]}, {"ddd": 0, "ind": 746, "ty": 4, "nm": "shape_746", "sr": 1, "ks": {}, "shapes": [{"ty": "rc"}]}, {"ddd": 0, "ind": 747, "ty": 4, "nm": "shape_747", "sr": 1, "ks": {}, "shapes": [{"ty": "rc"}]}, {"ddd": 0, "ind": 748, "ty": 4, "nm": "shape_748", "sr": 1, "ks": {}, "shapes": [{"ty": "rc"}]}, {"ddd": 0, "ind": 749, "ty": 4, "nm": "shape_749", "sr": 1, "ks": {}, "shapes": [{"ty": "rc"}]}, {"ddd": 0, "ind": 750, "ty": 4, "nm": "shape_750", "sr": 1, "ks": {}, "shapes": [{"ty": "rc"}]}, {"ddd": 0, "ind": 751, "ty": 4, "nm": "shape_751", "sr": 1, "ks": {}, "shapes": [{"ty": "rc"}]}, {"ddd": 0, "ind": 752, "ty": 4, "nm": "shape_752", "sr": 1, "ks": {}, "shapes": [{"ty": "rc"}]}, {"ddd": 0, "ind": 753, "ty": 4, "nm": "shape_753", "sr": 1, "ks": {}, "shapes": [{"ty": "rc"}]}, {"ddd": 0, "ind": 754, "ty": 4, "nm": "shape_754", "sr": 1, "ks": {}, "shapes": [{"ty": "rc"}]}, {"ddd": 0, "ind": 755, "ty": 4, "nm": "shape_755", "sr": 1, "ks": {}, "shapes": [{"ty": "rc"}]}, {"ddd": 0, "ind": 756, "ty": 4, "nm": "shape_756", "sr": 1, "ks": {}, "shapes": [{"ty": "rc"}]}, {"ddd": 0, "ind": 757, "ty": 4, "nm": "shape_757", "sr": 1, "ks": {}, "shapes": [{"ty": "rc"}]}, {"ddd": 0, "ind": 758, "ty": 4, "nm": "shape_758", "sr": 1, "ks": {}, "shapes": [{"ty": "rc"}]}, {"ddd": 0, "ind": 759, "ty": 4, "nm": "shape_759", "sr": 1, "ks": {}, "shapes": [{"ty": "rc"}]}, {"ddd": 0, "ind": 760, "ty": 4, "nm": "shape_760", "sr": 1, "ks": {}, "shapes": [{"ty": "rc"}]}, {"ddd": 0, "ind": 761, "ty": 4, "nm": "shape_761", "sr": 1, "ks": {}, "shapes": [{"ty": "rc"}]}, {"ddd": 0, "ind": 762, "ty": 4, "nm": "shape_762", "sr": 1, "ks": {}, "shapes": [{"ty": "rc"}]}, {"ddd": 0, "ind": 763, "ty": 4, "nm": "shape_763", "sr": 1, "ks": {}, "shapes": [{"ty": "rc"}]}, {"ddd": 0, "ind": 764, "ty": 4, "nm": "shape_764", "sr": 1, "ks": {}, "shapes": [{"ty": "rc"}]}, {"ddd": 0, "ind": 765, "ty": 4, "nm": "shape_765", "sr": 1, "ks": {}, "shapes": [{"ty": "rc"}]}, {"ddd": 0, "ind": 766, "ty": 4, "nm": "shape_766", "sr": 1, "ks": {}, "shapes": [{"ty": "rc"}]}, {"ddd": 0, "ind": 767, "ty": 4, "nm": "shape_767", "sr": 1, "ks": {}, "shapes": [{"ty": "rc"}]}, {"ddd": 0, "ind": 768, "ty": 4, "nm": "shape_768", "sr": 1, "ks": {}, "shapes": [{"ty": "rc"}]}, {"ddd": 0, "ind": 769, "ty": 4, "nm": "shape_769", "sr": 1, "ks": {}, "shapes": [{"ty": "rc"}]}, {"ddd": 0, "ind": 770, "ty": 4, "nm": "shape_770", "sr": 1, "ks": {}, "shapes": [{"ty": "rc"}]}, {"ddd": 0, "ind": 771, "ty": 4, "nm": "shape_771", "sr": 1, "ks": {}, "shapes": [{"ty": "rc"}]}, {"ddd": 0, "ind": 772, "ty": 4, "nm": "shape_772", "sr": 1, "ks": {}, "shapes": [{"ty": "rc"}]}, {"ddd": 0, "ind": 773, "ty": 4, "nm": "shape_773", "sr": 1, "ks": {}, "shapes": [{"ty": "rc"}]}, {"ddd": 0, "ind": 774, "ty": 4, "nm": "shape_774", "sr": 1, "ks": {}, "shapes": [{"ty": "rc"}]}, {"ddd": 0, "ind": 775, "ty": 4, "nm": "shape_775", "sr": 1, "ks": {}, "shapes": [{"ty": "rc"}]}, {"ddd": 0, "ind": 776, "ty": 4, "nm": "shape_776", "sr": 1, "ks": {}, "shapes": [{"ty": "rc"}]}, {"ddd": 0, "ind": 777, "ty": 4, "nm": "shape_777", "sr": 1, "ks": {}, "shapes": [{"ty": "rc"}]}, {"ddd": 0, "ind": 778, "ty": 4, "nm": "shape_778", "sr": 1, "ks": {}, "shapes": [{"ty": "rc"}]}, {"ddd": 0, "ind": 779, "ty": 4, "nm": "shape_779", "sr": 1, "ks": {}, "shapes": [{"ty": "rc"}]}, {"ddd": 0, "ind": 780, "ty": 4, "nm": "shape_780", "sr": 1, "ks": {}, "shapes": [{"ty": "rc"}]}, {"ddd": 0, "ind": 781, "ty": 4, "nm": "shape_781", "sr": 1, "ks": {}, "shapes": [{"ty": "rc"}]}, {"ddd": 0, "ind": 782, "ty": 4, "nm": "shape_782", "sr": 1, "ks": {}, "shapes": [{"ty": "rc"}]}, {"ddd": 0, "ind": 783, "ty": 4, "nm": "shape_783", "sr": 1, "ks": {}, "shapes": [{"ty": "rc"}]}, {"ddd": 0, "ind": 784, "ty": 4, "nm": "shape_784", "sr": 1, "ks": {}, "shapes": [{"ty": "rc"}]}, {"ddd": 0, "ind": 785, "ty": 4, "nm": "shape_785", "sr": 1, "ks": {}, "shapes": [{"ty": "rc"}]}, {"ddd": 0, "ind": 786, "ty": 4, "nm": "shape_786", "sr": 1, "ks": {}, "shapes": [{"ty": "rc"}]}, {"ddd": 0, "ind": 787, "ty": 4, "nm": "shape_787", "sr": 1, "ks": {}, "shapes": [{"ty": "rc"}]}, {"ddd": 0, "ind": 788, "ty": 4, "nm": "shape_788", "sr": 1, "ks": {}, "shapes": [{"ty": "rc"}]}, {"ddd": 0, "ind": 789, "ty": 4, "nm": "shape_789", "sr": 1, "ks": {}, "shapes": [{"ty": "rc"}]}, {"ddd": 0, "ind": 790, "ty": 4, "nm": "shape_790", "sr": 1, "ks": {}, "shapes": [{"ty": "rc"}]}, {"ddd": 0, "ind": 791, "ty": 4, "nm": "shape_791", "sr": 1, "ks": {}, "shapes": [{"ty": "rc"}]}, {"ddd": 0, "ind": 792, "ty": 4, "nm": "shape_792", "sr": 1, "ks": {}, "shapes": [{"ty": "rc"}]}, {"ddd": 0, "ind": 793, "ty": 4, "nm": "shape_793", "sr": 1, "ks": {}, "shapes": [{"ty": "rc"}]}, {"ddd": 0, "ind": 794, "ty": 4, "nm": "shape_794", "sr": 1, "ks": {}, "shapes": [{"ty": "rc"}]}, {"ddd": 0, "ind": 795, "ty": 4, "nm": "shape_795", "sr": 1, "ks": {}, "shapes": [{"ty": "rc"}]}, {"ddd": 0, "ind": 796, "ty": 4, "nm": "shape_796", "sr": 1, "ks": {}, "shapes": [{"ty": "rc"}]}, {"ddd": 0, "ind": 797, "ty": 4, "nm": "shape_797", "sr": 1, "ks": {}, "shapes": [{"ty": "rc"}]}, {"ddd": 0, "ind": 798, "ty": 4, "nm": "shape_798", "sr": 1, "ks": {}, "shapes": [{"ty": "rc"}]}, {"ddd": 0, "ind": 799, "ty": 4, "nm": "shape_799", "sr": 1, "ks": {}, "shapes": [{"ty": "rc"}]}]}